filename,season,celebrity,nationality,status,source_raw
spring_Anne_Curtis_001.jpg,spring,Anne Curtis,Filipino,saved,pre-existing
spring_Anne_Curtis_002.jpg,spring,Anne Curtis,Filipino,saved,pre-existing
spring_Anne_Curtis_003.jpg,spring,Anne Curtis,Filipino,saved,pre-existing
spring_Anne_Curtis_004.jpg,spring,Anne Curtis,Filipino,saved,pre-existing
spring_Anne_Curtis_005.jpg,spring,Anne Curtis,Filipino,saved,pre-existing
spring_Anne_Curtis_006.jpg,spring,Anne Curtis,Filipino,saved,pre-existing
spring_Anne_Curtis_007.jpg,spring,Anne Curtis,Filipino,saved,pre-existing
spring_Anne_Curtis_008.jpg,spring,Anne Curtis,Filipino,saved,pre-existing
spring_Anne_Curtis_009.jpg,spring,Anne Curtis,Filipino,saved,pre-existing
spring_Anne_Curtis_010.jpg,spring,Anne Curtis,Filipino,saved,pre-existing
spring_Anne_Curtis_011.jpg,spring,Anne Curtis,Filipino,saved,pre-existing
spring_Anne_Curtis_012.jpg,spring,Anne Curtis,Filipino,saved,pre-existing
spring_Anne_Curtis_013.jpg,spring,Anne Curtis,Filipino,saved,pre-existing
spring_Anne_Curtis_014.jpg,spring,Anne Curtis,Filipino,saved,pre-existing
spring_Anne_Curtis_015.jpg,spring,Anne Curtis,Filipino,saved,pre-existing
spring_Anne_Curtis_016.jpg,spring,Anne Curtis,Filipino,saved,pre-existing
spring_Julia_Barretto_001.jpg,spring,Julia Barretto,Filipino,saved,pre-existing
spring_Julia_Barretto_002.jpg,spring,Julia Barretto,Filipino,saved,pre-existing
spring_Julia_Barretto_003.jpg,spring,Julia Barretto,Filipino,saved,pre-existing
spring_Julia_Barretto_004.jpg,spring,Julia Barretto,Filipino,saved,pre-existing
spring_Julia_Barretto_005.jpg,spring,Julia Barretto,Filipino,saved,pre-existing
spring_Julia_Barretto_006.jpg,spring,Julia Barretto,Filipino,saved,pre-existing
spring_Julia_Barretto_007.jpg,spring,Julia Barretto,Filipino,saved,pre-existing
spring_Julia_Barretto_008.jpg,spring,Julia Barretto,Filipino,saved,pre-existing
spring_Julia_Barretto_009.jpg,spring,Julia Barretto,Filipino,saved,pre-existing
spring_Julia_Barretto_010.jpg,spring,Julia Barretto,Filipino,saved,pre-existing
spring_Julia_Barretto_011.jpg,spring,Julia Barretto,Filipino,saved,pre-existing
spring_Julia_Barretto_012.jpg,spring,Julia Barretto,Filipino,saved,pre-existing
spring_Julia_Barretto_013.jpg,spring,Julia Barretto,Filipino,saved,pre-existing
spring_Julia_Barretto_014.jpg,spring,Julia Barretto,Filipino,saved,pre-existing
spring_Julia_Barretto_015.jpg,spring,Julia Barretto,Filipino,saved,pre-existing
spring_Julia_Barretto_016.jpg,spring,Julia Barretto,Filipino,saved,pre-existing
spring_Julia_Barretto_017.jpg,spring,Julia Barretto,Filipino,saved,pre-existing
spring_Julia_Barretto_018.jpg,spring,Julia Barretto,Filipino,saved,pre-existing
spring_Julia_Barretto_019.jpg,spring,Julia Barretto,Filipino,saved,pre-existing
spring_Marian_Rivera_001.jpg,spring,Marian Rivera,Filipino,saved,pre-existing
spring_Marian_Rivera_002.jpg,spring,Marian Rivera,Filipino,saved,pre-existing
spring_Marian_Rivera_003.jpg,spring,Marian Rivera,Filipino,saved,pre-existing
spring_Marian_Rivera_004.jpg,spring,Marian Rivera,Filipino,saved,pre-existing
spring_Marian_Rivera_005.jpg,spring,Marian Rivera,Filipino,saved,pre-existing
spring_Marian_Rivera_006.jpg,spring,Marian Rivera,Filipino,saved,pre-existing
spring_Marian_Rivera_007.jpg,spring,Marian Rivera,Filipino,saved,pre-existing
spring_Marian_Rivera_008.jpg,spring,Marian Rivera,Filipino,saved,pre-existing
spring_Marian_Rivera_009.jpg,spring,Marian Rivera,Filipino,saved,pre-existing
spring_Marian_Rivera_010.jpg,spring,Marian Rivera,Filipino,saved,pre-existing
spring_Marian_Rivera_011.jpg,spring,Marian Rivera,Filipino,saved,pre-existing
spring_Marian_Rivera_012.jpg,spring,Marian Rivera,Filipino,saved,pre-existing
spring_Marian_Rivera_013.jpg,spring,Marian Rivera,Filipino,saved,pre-existing
spring_Marian_Rivera_014.jpg,spring,Marian Rivera,Filipino,saved,pre-existing
spring_Marian_Rivera_015.jpg,spring,Marian Rivera,Filipino,saved,pre-existing
spring_Marian_Rivera_016.jpg,spring,Marian Rivera,Filipino,saved,pre-existing
spring_Marian_Rivera_017.jpg,spring,Marian Rivera,Filipino,saved,pre-existing
spring_Marian_Rivera_018.jpg,spring,Marian Rivera,Filipino,saved,pre-existing
spring_Marian_Rivera_019.jpg,spring,Marian Rivera,Filipino,saved,pre-existing
spring_Marian_Rivera_020.jpg,spring,Marian Rivera,Filipino,saved,pre-existing
spring_James_Reid_001.jpg,spring,James Reid,Filipino,saved,pre-existing
spring_James_Reid_002.jpg,spring,James Reid,Filipino,saved,pre-existing
spring_James_Reid_003.jpg,spring,James Reid,Filipino,saved,pre-existing
spring_James_Reid_004.jpg,spring,James Reid,Filipino,saved,pre-existing
spring_James_Reid_005.jpg,spring,James Reid,Filipino,saved,pre-existing
spring_James_Reid_006.jpg,spring,James Reid,Filipino,saved,pre-existing
spring_James_Reid_007.jpg,spring,James Reid,Filipino,saved,pre-existing
spring_James_Reid_008.jpg,spring,James Reid,Filipino,saved,pre-existing
spring_James_Reid_009.jpg,spring,James Reid,Filipino,saved,pre-existing
spring_James_Reid_010.jpg,spring,James Reid,Filipino,saved,pre-existing
spring_James_Reid_011.jpg,spring,James Reid,Filipino,saved,pre-existing
spring_James_Reid_012.jpg,spring,James Reid,Filipino,saved,pre-existing
spring_James_Reid_013.jpg,spring,James Reid,Filipino,saved,pre-existing
spring_James_Reid_014.jpg,spring,James Reid,Filipino,saved,pre-existing
spring_James_Reid_015.jpg,spring,James Reid,Filipino,saved,pre-existing
spring_James_Reid_016.jpg,spring,James Reid,Filipino,saved,pre-existing
spring_James_Reid_017.jpg,spring,James Reid,Filipino,saved,pre-existing
spring_James_Reid_018.jpg,spring,James Reid,Filipino,saved,pre-existing
spring_IU_001.jpg,spring,IU,Korean,saved,pre-existing
spring_IU_002.jpg,spring,IU,Korean,saved,pre-existing
spring_IU_003.jpg,spring,IU,Korean,saved,pre-existing
spring_IU_004.jpg,spring,IU,Korean,saved,pre-existing
spring_IU_005.jpg,spring,IU,Korean,saved,pre-existing
spring_IU_006.jpg,spring,IU,Korean,saved,pre-existing
spring_IU_007.jpg,spring,IU,Korean,saved,pre-existing
spring_IU_008.jpg,spring,IU,Korean,saved,pre-existing
spring_IU_009.jpg,spring,IU,Korean,saved,pre-existing
spring_IU_010.jpg,spring,IU,Korean,saved,pre-existing
spring_IU_011.jpg,spring,IU,Korean,saved,pre-existing
spring_IU_012.jpg,spring,IU,Korean,saved,pre-existing
spring_IU_013.jpg,spring,IU,Korean,saved,pre-existing
spring_IU_014.jpg,spring,IU,Korean,saved,pre-existing
spring_IU_015.jpg,spring,IU,Korean,saved,pre-existing
spring_IU_016.jpg,spring,IU,Korean,saved,pre-existing
spring_IU_017.jpg,spring,IU,Korean,saved,pre-existing
spring_Yoona_001.jpg,spring,Yoona,Korean,saved,pre-existing
spring_Yoona_002.jpg,spring,Yoona,Korean,saved,pre-existing
spring_Yoona_003.jpg,spring,Yoona,Korean,saved,pre-existing
spring_Yoona_004.jpg,spring,Yoona,Korean,saved,pre-existing
spring_Yoona_005.jpg,spring,Yoona,Korean,saved,pre-existing
spring_Yoona_006.jpg,spring,Yoona,Korean,saved,pre-existing
spring_Yoona_007.jpg,spring,Yoona,Korean,saved,pre-existing
spring_Yoona_008.jpg,spring,Yoona,Korean,saved,pre-existing
spring_Yoona_009.jpg,spring,Yoona,Korean,saved,pre-existing
spring_Yoona_010.jpg,spring,Yoona,Korean,saved,pre-existing
spring_Yoona_011.jpg,spring,Yoona,Korean,saved,pre-existing
spring_Yoona_012.jpg,spring,Yoona,Korean,saved,pre-existing
spring_Yoona_013.jpg,spring,Yoona,Korean,saved,pre-existing
spring_Yoona_014.jpg,spring,Yoona,Korean,saved,pre-existing
spring_Yoona_015.jpg,spring,Yoona,Korean,saved,pre-existing
spring_Yoona_016.jpg,spring,Yoona,Korean,saved,pre-existing
spring_Yoona_017.jpg,spring,Yoona,Korean,saved,pre-existing
spring_Yoona_018.jpg,spring,Yoona,Korean,saved,pre-existing
spring_Yoona_019.jpg,spring,Yoona,Korean,saved,pre-existing
spring_Kim_Chaewon_001.jpg,spring,Kim Chaewon,Korean,saved,pre-existing
spring_Kim_Chaewon_002.jpg,spring,Kim Chaewon,Korean,saved,pre-existing
spring_Kim_Chaewon_003.jpg,spring,Kim Chaewon,Korean,saved,pre-existing
spring_Kim_Chaewon_004.jpg,spring,Kim Chaewon,Korean,saved,pre-existing
spring_Kim_Chaewon_005.jpg,spring,Kim Chaewon,Korean,saved,pre-existing
spring_Kim_Chaewon_006.jpg,spring,Kim Chaewon,Korean,saved,pre-existing
spring_Kim_Chaewon_007.jpg,spring,Kim Chaewon,Korean,saved,pre-existing
spring_Kim_Chaewon_008.jpg,spring,Kim Chaewon,Korean,saved,pre-existing
spring_Kim_Soo-hyun_001.jpg,spring,Kim Soo-hyun,Korean,saved,pre-existing
spring_Kim_Soo-hyun_002.jpg,spring,Kim Soo-hyun,Korean,saved,pre-existing
spring_Kim_Soo-hyun_003.jpg,spring,Kim Soo-hyun,Korean,saved,pre-existing
spring_Kim_Soo-hyun_004.jpg,spring,Kim Soo-hyun,Korean,saved,pre-existing
spring_Kim_Soo-hyun_005.jpg,spring,Kim Soo-hyun,Korean,saved,pre-existing
spring_Kim_Soo-hyun_006.jpg,spring,Kim Soo-hyun,Korean,saved,pre-existing
spring_Kim_Soo-hyun_007.jpg,spring,Kim Soo-hyun,Korean,saved,pre-existing
spring_Kim_Soo-hyun_008.jpg,spring,Kim Soo-hyun,Korean,saved,pre-existing
spring_Kim_Soo-hyun_009.jpg,spring,Kim Soo-hyun,Korean,saved,pre-existing
spring_Kim_Soo-hyun_010.jpg,spring,Kim Soo-hyun,Korean,saved,pre-existing
spring_Kim_Soo-hyun_011.jpg,spring,Kim Soo-hyun,Korean,saved,pre-existing
spring_Kim_Soo-hyun_012.jpg,spring,Kim Soo-hyun,Korean,saved,pre-existing
spring_Kim_Soo-hyun_013.jpg,spring,Kim Soo-hyun,Korean,saved,pre-existing
spring_Kim_Soo-hyun_014.jpg,spring,Kim Soo-hyun,Korean,saved,pre-existing
spring_Kim_Soo-hyun_015.jpg,spring,Kim Soo-hyun,Korean,saved,pre-existing
spring_Kim_Soo-hyun_016.jpg,spring,Kim Soo-hyun,Korean,saved,pre-existing
spring_Kim_Soo-hyun_017.jpg,spring,Kim Soo-hyun,Korean,saved,pre-existing
spring_Kim_Soo-hyun_018.jpg,spring,Kim Soo-hyun,Korean,saved,pre-existing
spring_Jung_Hae-in_001.jpg,spring,Jung Hae-in,Korean,saved,pre-existing
spring_Jung_Hae-in_002.jpg,spring,Jung Hae-in,Korean,saved,pre-existing
spring_Jung_Hae-in_003.jpg,spring,Jung Hae-in,Korean,saved,pre-existing
spring_Jung_Hae-in_004.jpg,spring,Jung Hae-in,Korean,saved,pre-existing
spring_Jung_Hae-in_005.jpg,spring,Jung Hae-in,Korean,saved,pre-existing
spring_Jung_Hae-in_006.jpg,spring,Jung Hae-in,Korean,saved,pre-existing
spring_Jung_Hae-in_007.jpg,spring,Jung Hae-in,Korean,saved,pre-existing
spring_Jung_Hae-in_008.jpg,spring,Jung Hae-in,Korean,saved,pre-existing
spring_Jung_Hae-in_009.jpg,spring,Jung Hae-in,Korean,saved,pre-existing
spring_Jung_Hae-in_010.jpg,spring,Jung Hae-in,Korean,saved,pre-existing
spring_Jung_Hae-in_011.jpg,spring,Jung Hae-in,Korean,saved,pre-existing
spring_Jung_Hae-in_012.jpg,spring,Jung Hae-in,Korean,saved,pre-existing
spring_Jung_Hae-in_013.jpg,spring,Jung Hae-in,Korean,saved,pre-existing
spring_Jung_Hae-in_014.jpg,spring,Jung Hae-in,Korean,saved,pre-existing
spring_Jung_Hae-in_015.jpg,spring,Jung Hae-in,Korean,saved,pre-existing
spring_Jung_Hae-in_016.jpg,spring,Jung Hae-in,Korean,saved,pre-existing
spring_Jung_Hae-in_017.jpg,spring,Jung Hae-in,Korean,saved,pre-existing
spring_Jung_Hae-in_018.jpg,spring,Jung Hae-in,Korean,saved,pre-existing
spring_Jung_Hae-in_019.jpg,spring,Jung Hae-in,Korean,saved,pre-existing
spring_Felix_001.jpg,spring,Felix,Korean,saved,pre-existing
spring_Felix_002.jpg,spring,Felix,Korean,saved,pre-existing
spring_Felix_003.jpg,spring,Felix,Korean,saved,pre-existing
spring_Felix_004.jpg,spring,Felix,Korean,saved,pre-existing
spring_Felix_005.jpg,spring,Felix,Korean,saved,pre-existing
spring_Felix_006.jpg,spring,Felix,Korean,saved,pre-existing
spring_Felix_007.jpg,spring,Felix,Korean,saved,pre-existing
spring_Felix_008.jpg,spring,Felix,Korean,saved,pre-existing
spring_Felix_009.jpg,spring,Felix,Korean,saved,pre-existing
spring_Felix_010.jpg,spring,Felix,Korean,saved,pre-existing
spring_Felix_011.jpg,spring,Felix,Korean,saved,pre-existing
spring_Felix_012.jpg,spring,Felix,Korean,saved,pre-existing
spring_Felix_013.jpg,spring,Felix,Korean,saved,pre-existing
spring_Felix_014.jpg,spring,Felix,Korean,saved,pre-existing
spring_Felix_015.jpg,spring,Felix,Korean,saved,pre-existing
spring_Felix_016.jpg,spring,Felix,Korean,saved,pre-existing
spring_Felix_017.jpg,spring,Felix,Korean,saved,pre-existing
spring_Felix_018.jpg,spring,Felix,Korean,saved,pre-existing
spring_Felix_019.jpg,spring,Felix,Korean,saved,pre-existing
spring_Chris_Hemsworth_001.jpg,spring,Chris Hemsworth,Western,saved,pre-existing
spring_Chris_Hemsworth_002.jpg,spring,Chris Hemsworth,Western,saved,pre-existing
spring_Chris_Hemsworth_003.jpg,spring,Chris Hemsworth,Western,saved,pre-existing
spring_Chris_Hemsworth_004.jpg,spring,Chris Hemsworth,Western,saved,pre-existing
spring_Chris_Hemsworth_005.jpg,spring,Chris Hemsworth,Western,saved,pre-existing
spring_Chris_Hemsworth_006.jpg,spring,Chris Hemsworth,Western,saved,pre-existing
spring_Chris_Hemsworth_007.jpg,spring,Chris Hemsworth,Western,saved,pre-existing
spring_Chris_Hemsworth_008.jpg,spring,Chris Hemsworth,Western,saved,pre-existing
spring_Chris_Hemsworth_009.jpg,spring,Chris Hemsworth,Western,saved,pre-existing
spring_Chris_Hemsworth_010.jpg,spring,Chris Hemsworth,Western,saved,pre-existing
spring_Chris_Hemsworth_011.jpg,spring,Chris Hemsworth,Western,saved,pre-existing
spring_Chris_Hemsworth_012.jpg,spring,Chris Hemsworth,Western,saved,pre-existing
spring_Chris_Hemsworth_013.jpg,spring,Chris Hemsworth,Western,saved,pre-existing
spring_Chris_Hemsworth_014.jpg,spring,Chris Hemsworth,Western,saved,pre-existing
spring_Chris_Hemsworth_015.jpg,spring,Chris Hemsworth,Western,saved,pre-existing
spring_Chris_Hemsworth_016.jpg,spring,Chris Hemsworth,Western,saved,pre-existing
spring_Chris_Hemsworth_017.jpg,spring,Chris Hemsworth,Western,saved,pre-existing
spring_Chris_Hemsworth_018.jpg,spring,Chris Hemsworth,Western,saved,pre-existing
spring_Chris_Hemsworth_019.jpg,spring,Chris Hemsworth,Western,saved,pre-existing
spring_Chris_Hemsworth_020.jpg,spring,Chris Hemsworth,Western,saved,pre-existing
spring_Pedro_Pascal_001.jpg,spring,Pedro Pascal,Western,saved,pre-existing
spring_Pedro_Pascal_002.jpg,spring,Pedro Pascal,Western,saved,pre-existing
spring_Pedro_Pascal_003.jpg,spring,Pedro Pascal,Western,saved,pre-existing
spring_Pedro_Pascal_004.jpg,spring,Pedro Pascal,Western,saved,pre-existing
spring_Pedro_Pascal_005.jpg,spring,Pedro Pascal,Western,saved,pre-existing
spring_Pedro_Pascal_006.jpg,spring,Pedro Pascal,Western,saved,pre-existing
spring_Pedro_Pascal_007.jpg,spring,Pedro Pascal,Western,saved,pre-existing
spring_Pedro_Pascal_008.jpg,spring,Pedro Pascal,Western,saved,pre-existing
spring_Pedro_Pascal_009.jpg,spring,Pedro Pascal,Western,saved,pre-existing
spring_Pedro_Pascal_010.jpg,spring,Pedro Pascal,Western,saved,pre-existing
spring_Pedro_Pascal_011.jpg,spring,Pedro Pascal,Western,saved,pre-existing
spring_Pedro_Pascal_012.jpg,spring,Pedro Pascal,Western,saved,pre-existing
spring_Pedro_Pascal_013.jpg,spring,Pedro Pascal,Western,saved,pre-existing
spring_Pedro_Pascal_014.jpg,spring,Pedro Pascal,Western,saved,pre-existing
spring_Pedro_Pascal_015.jpg,spring,Pedro Pascal,Western,saved,pre-existing
spring_Pedro_Pascal_016.jpg,spring,Pedro Pascal,Western,saved,pre-existing
spring_Pedro_Pascal_017.jpg,spring,Pedro Pascal,Western,saved,pre-existing
spring_Pedro_Pascal_018.jpg,spring,Pedro Pascal,Western,saved,pre-existing
spring_Pedro_Pascal_019.jpg,spring,Pedro Pascal,Western,saved,pre-existing
spring_Sterling_K_Brown_001.jpg,spring,Sterling K Brown,Western,saved,pre-existing
spring_Sterling_K_Brown_002.jpg,spring,Sterling K Brown,Western,saved,pre-existing
spring_Sterling_K_Brown_003.jpg,spring,Sterling K Brown,Western,saved,pre-existing
spring_Sterling_K_Brown_004.jpg,spring,Sterling K Brown,Western,saved,pre-existing
spring_Sterling_K_Brown_005.jpg,spring,Sterling K Brown,Western,saved,pre-existing
spring_Sterling_K_Brown_006.jpg,spring,Sterling K Brown,Western,saved,pre-existing
spring_Sterling_K_Brown_007.jpg,spring,Sterling K Brown,Western,saved,pre-existing
spring_Sterling_K_Brown_008.jpg,spring,Sterling K Brown,Western,saved,pre-existing
spring_Sterling_K_Brown_009.jpg,spring,Sterling K Brown,Western,saved,pre-existing
spring_Sterling_K_Brown_010.jpg,spring,Sterling K Brown,Western,saved,pre-existing
spring_Sterling_K_Brown_011.jpg,spring,Sterling K Brown,Western,saved,pre-existing
spring_Sterling_K_Brown_012.jpg,spring,Sterling K Brown,Western,saved,pre-existing
spring_Sterling_K_Brown_013.jpg,spring,Sterling K Brown,Western,saved,pre-existing
spring_Emma_Stone_001.jpg,spring,Emma Stone,Western,saved,pre-existing
spring_Emma_Stone_002.jpg,spring,Emma Stone,Western,saved,pre-existing
spring_Emma_Stone_003.jpg,spring,Emma Stone,Western,saved,pre-existing
spring_Emma_Stone_004.jpg,spring,Emma Stone,Western,saved,pre-existing
spring_Emma_Stone_005.jpg,spring,Emma Stone,Western,saved,pre-existing
spring_Emma_Stone_006.jpg,spring,Emma Stone,Western,saved,pre-existing
spring_Emma_Stone_007.jpg,spring,Emma Stone,Western,saved,pre-existing
spring_Emma_Stone_008.jpg,spring,Emma Stone,Western,saved,pre-existing
spring_Emma_Stone_009.jpg,spring,Emma Stone,Western,saved,pre-existing
spring_Emma_Stone_010.jpg,spring,Emma Stone,Western,saved,pre-existing
spring_Emma_Stone_011.jpg,spring,Emma Stone,Western,saved,pre-existing
spring_Emma_Stone_012.jpg,spring,Emma Stone,Western,saved,pre-existing
spring_Emma_Stone_013.jpg,spring,Emma Stone,Western,saved,pre-existing
spring_Emma_Stone_014.jpg,spring,Emma Stone,Western,saved,pre-existing
spring_Emma_Stone_015.jpg,spring,Emma Stone,Western,saved,pre-existing
spring_Emma_Stone_016.jpg,spring,Emma Stone,Western,saved,pre-existing
spring_Emma_Stone_017.jpg,spring,Emma Stone,Western,saved,pre-existing
spring_Emma_Stone_018.jpg,spring,Emma Stone,Western,saved,pre-existing
spring_Emma_Stone_019.jpg,spring,Emma Stone,Western,saved,pre-existing
spring_Emma_Stone_020.jpg,spring,Emma Stone,Western,saved,pre-existing
spring_Ariana_Grande_001.jpg,spring,Ariana Grande,Western,saved,pre-existing
spring_Ariana_Grande_002.jpg,spring,Ariana Grande,Western,saved,pre-existing
spring_Ariana_Grande_003.jpg,spring,Ariana Grande,Western,saved,pre-existing
spring_Ariana_Grande_004.jpg,spring,Ariana Grande,Western,saved,pre-existing
spring_Ariana_Grande_005.jpg,spring,Ariana Grande,Western,saved,pre-existing
spring_Ariana_Grande_006.jpg,spring,Ariana Grande,Western,saved,pre-existing
spring_Ariana_Grande_007.jpg,spring,Ariana Grande,Western,saved,pre-existing
spring_Ariana_Grande_008.jpg,spring,Ariana Grande,Western,saved,pre-existing
spring_Ariana_Grande_009.jpg,spring,Ariana Grande,Western,saved,pre-existing
summer_Jodi_Sta._Maria_001.jpg,summer,Jodi Sta. Maria,Filipino,saved,pre-existing
summer_Jodi_Sta._Maria_002.jpg,summer,Jodi Sta. Maria,Filipino,saved,pre-existing
summer_Jodi_Sta._Maria_003.jpg,summer,Jodi Sta. Maria,Filipino,saved,pre-existing
summer_Jodi_Sta._Maria_004.jpg,summer,Jodi Sta. Maria,Filipino,saved,pre-existing
summer_Jodi_Sta._Maria_005.jpg,summer,Jodi Sta. Maria,Filipino,saved,pre-existing
summer_Jodi_Sta._Maria_006.jpg,summer,Jodi Sta. Maria,Filipino,saved,pre-existing
summer_Jodi_Sta._Maria_007.jpg,summer,Jodi Sta. Maria,Filipino,saved,pre-existing
summer_Jodi_Sta._Maria_008.jpg,summer,Jodi Sta. Maria,Filipino,saved,pre-existing
summer_Jodi_Sta._Maria_009.jpg,summer,Jodi Sta. Maria,Filipino,saved,pre-existing
summer_Jodi_Sta._Maria_010.jpg,summer,Jodi Sta. Maria,Filipino,saved,pre-existing
summer_Jodi_Sta._Maria_011.jpg,summer,Jodi Sta. Maria,Filipino,saved,pre-existing
summer_Jodi_Sta._Maria_012.jpg,summer,Jodi Sta. Maria,Filipino,saved,pre-existing
summer_Jodi_Sta._Maria_013.jpg,summer,Jodi Sta. Maria,Filipino,saved,pre-existing
summer_Jodi_Sta._Maria_014.jpg,summer,Jodi Sta. Maria,Filipino,saved,pre-existing
summer_Jodi_Sta._Maria_015.jpg,summer,Jodi Sta. Maria,Filipino,saved,pre-existing
summer_Jodi_Sta._Maria_016.jpg,summer,Jodi Sta. Maria,Filipino,saved,pre-existing
summer_Jodi_Sta._Maria_017.jpg,summer,Jodi Sta. Maria,Filipino,saved,pre-existing
summer_Janine_Gutierrez_001.jpg,summer,Janine Gutierrez,Filipino,saved,pre-existing
summer_Janine_Gutierrez_002.jpg,summer,Janine Gutierrez,Filipino,saved,pre-existing
summer_Janine_Gutierrez_003.jpg,summer,Janine Gutierrez,Filipino,saved,pre-existing
summer_Janine_Gutierrez_004.jpg,summer,Janine Gutierrez,Filipino,saved,pre-existing
summer_Janine_Gutierrez_005.jpg,summer,Janine Gutierrez,Filipino,saved,pre-existing
summer_Janine_Gutierrez_006.jpg,summer,Janine Gutierrez,Filipino,saved,pre-existing
summer_Janine_Gutierrez_007.jpg,summer,Janine Gutierrez,Filipino,saved,pre-existing
summer_Janine_Gutierrez_008.jpg,summer,Janine Gutierrez,Filipino,saved,pre-existing
summer_Janine_Gutierrez_009.jpg,summer,Janine Gutierrez,Filipino,saved,pre-existing
summer_Janine_Gutierrez_010.jpg,summer,Janine Gutierrez,Filipino,saved,pre-existing
summer_Janine_Gutierrez_011.jpg,summer,Janine Gutierrez,Filipino,saved,pre-existing
summer_Janine_Gutierrez_012.jpg,summer,Janine Gutierrez,Filipino,saved,pre-existing
summer_Janine_Gutierrez_013.jpg,summer,Janine Gutierrez,Filipino,saved,pre-existing
summer_Janine_Gutierrez_014.jpg,summer,Janine Gutierrez,Filipino,saved,pre-existing
summer_Janine_Gutierrez_015.jpg,summer,Janine Gutierrez,Filipino,saved,pre-existing
summer_Janine_Gutierrez_016.jpg,summer,Janine Gutierrez,Filipino,saved,pre-existing
summer_Janine_Gutierrez_017.jpg,summer,Janine Gutierrez,Filipino,saved,pre-existing
summer_Janine_Gutierrez_018.jpg,summer,Janine Gutierrez,Filipino,saved,pre-existing
summer_Janine_Gutierrez_019.jpg,summer,Janine Gutierrez,Filipino,saved,pre-existing
summer_Janine_Gutierrez_020.jpg,summer,Janine Gutierrez,Filipino,saved,pre-existing
summer_Shaina_Magdayao_001.jpg,summer,Shaina Magdayao,Filipino,saved,pre-existing
summer_Shaina_Magdayao_002.jpg,summer,Shaina Magdayao,Filipino,saved,pre-existing
summer_Shaina_Magdayao_003.jpg,summer,Shaina Magdayao,Filipino,saved,pre-existing
summer_Shaina_Magdayao_004.jpg,summer,Shaina Magdayao,Filipino,saved,pre-existing
summer_Shaina_Magdayao_005.jpg,summer,Shaina Magdayao,Filipino,saved,pre-existing
summer_Shaina_Magdayao_006.jpg,summer,Shaina Magdayao,Filipino,saved,pre-existing
summer_Shaina_Magdayao_007.jpg,summer,Shaina Magdayao,Filipino,saved,pre-existing
summer_Shaina_Magdayao_008.jpg,summer,Shaina Magdayao,Filipino,saved,pre-existing
summer_Shaina_Magdayao_009.jpg,summer,Shaina Magdayao,Filipino,saved,pre-existing
summer_Shaina_Magdayao_010.jpg,summer,Shaina Magdayao,Filipino,saved,pre-existing
summer_Shaina_Magdayao_011.jpg,summer,Shaina Magdayao,Filipino,saved,pre-existing
summer_Shaina_Magdayao_012.jpg,summer,Shaina Magdayao,Filipino,saved,pre-existing
summer_Shaina_Magdayao_013.jpg,summer,Shaina Magdayao,Filipino,saved,pre-existing
summer_Shaina_Magdayao_014.jpg,summer,Shaina Magdayao,Filipino,saved,pre-existing
summer_Shaina_Magdayao_015.jpg,summer,Shaina Magdayao,Filipino,saved,pre-existing
summer_Shaina_Magdayao_016.jpg,summer,Shaina Magdayao,Filipino,saved,pre-existing
summer_Shaina_Magdayao_017.jpg,summer,Shaina Magdayao,Filipino,saved,pre-existing
summer_Shaina_Magdayao_018.jpg,summer,Shaina Magdayao,Filipino,saved,pre-existing
summer_Richard_Gutierrez_001.jpg,summer,Richard Gutierrez,Filipino,saved,pre-existing
summer_Richard_Gutierrez_002.jpg,summer,Richard Gutierrez,Filipino,saved,pre-existing
summer_Richard_Gutierrez_003.jpg,summer,Richard Gutierrez,Filipino,saved,pre-existing
summer_Richard_Gutierrez_004.jpg,summer,Richard Gutierrez,Filipino,saved,pre-existing
summer_Richard_Gutierrez_005.jpg,summer,Richard Gutierrez,Filipino,saved,pre-existing
summer_Richard_Gutierrez_006.jpg,summer,Richard Gutierrez,Filipino,saved,pre-existing
summer_Richard_Gutierrez_007.jpg,summer,Richard Gutierrez,Filipino,saved,pre-existing
summer_Richard_Gutierrez_008.jpg,summer,Richard Gutierrez,Filipino,saved,pre-existing
summer_Richard_Gutierrez_009.jpg,summer,Richard Gutierrez,Filipino,saved,pre-existing
summer_Richard_Gutierrez_010.jpg,summer,Richard Gutierrez,Filipino,saved,pre-existing
summer_Richard_Gutierrez_011.jpg,summer,Richard Gutierrez,Filipino,saved,pre-existing
summer_Richard_Gutierrez_012.jpg,summer,Richard Gutierrez,Filipino,saved,pre-existing
summer_Richard_Gutierrez_013.jpg,summer,Richard Gutierrez,Filipino,saved,pre-existing
summer_Richard_Gutierrez_014.jpg,summer,Richard Gutierrez,Filipino,saved,pre-existing
summer_Richard_Gutierrez_015.jpg,summer,Richard Gutierrez,Filipino,saved,pre-existing
summer_Richard_Gutierrez_016.jpg,summer,Richard Gutierrez,Filipino,saved,pre-existing
summer_Matteo_Guidicelli_001.jpg,summer,Matteo Guidicelli,Filipino,saved,pre-existing
summer_Matteo_Guidicelli_002.jpg,summer,Matteo Guidicelli,Filipino,saved,pre-existing
summer_Matteo_Guidicelli_003.jpg,summer,Matteo Guidicelli,Filipino,saved,pre-existing
summer_Matteo_Guidicelli_004.jpg,summer,Matteo Guidicelli,Filipino,saved,pre-existing
summer_Matteo_Guidicelli_005.jpg,summer,Matteo Guidicelli,Filipino,saved,pre-existing
summer_Matteo_Guidicelli_006.jpg,summer,Matteo Guidicelli,Filipino,saved,pre-existing
summer_Matteo_Guidicelli_007.jpg,summer,Matteo Guidicelli,Filipino,saved,pre-existing
summer_Matteo_Guidicelli_008.jpg,summer,Matteo Guidicelli,Filipino,saved,pre-existing
summer_Matteo_Guidicelli_009.jpg,summer,Matteo Guidicelli,Filipino,saved,pre-existing
summer_Matteo_Guidicelli_010.jpg,summer,Matteo Guidicelli,Filipino,saved,pre-existing
summer_Matteo_Guidicelli_011.jpg,summer,Matteo Guidicelli,Filipino,saved,pre-existing
summer_Son_Ye-jin_001.jpg,summer,Son Ye-jin,Korean,saved,pre-existing
summer_Son_Ye-jin_002.jpg,summer,Son Ye-jin,Korean,saved,pre-existing
summer_Son_Ye-jin_003.jpg,summer,Son Ye-jin,Korean,saved,pre-existing
summer_Son_Ye-jin_004.jpg,summer,Son Ye-jin,Korean,saved,pre-existing
summer_Son_Ye-jin_005.jpg,summer,Son Ye-jin,Korean,saved,pre-existing
summer_Son_Ye-jin_006.jpg,summer,Son Ye-jin,Korean,saved,pre-existing
summer_Son_Ye-jin_007.jpg,summer,Son Ye-jin,Korean,saved,pre-existing
summer_Son_Ye-jin_008.jpg,summer,Son Ye-jin,Korean,saved,pre-existing
summer_Son_Ye-jin_009.jpg,summer,Son Ye-jin,Korean,saved,pre-existing
summer_Son_Ye-jin_010.jpg,summer,Son Ye-jin,Korean,saved,pre-existing
summer_Son_Ye-jin_011.jpg,summer,Son Ye-jin,Korean,saved,pre-existing
summer_Son_Ye-jin_012.jpg,summer,Son Ye-jin,Korean,saved,pre-existing
summer_Son_Ye-jin_013.jpg,summer,Son Ye-jin,Korean,saved,pre-existing
summer_Son_Ye-jin_014.jpg,summer,Son Ye-jin,Korean,saved,pre-existing
summer_Son_Ye-jin_015.jpg,summer,Son Ye-jin,Korean,saved,pre-existing
summer_Son_Ye-jin_016.jpg,summer,Son Ye-jin,Korean,saved,pre-existing
summer_Son_Ye-jin_017.jpg,summer,Son Ye-jin,Korean,saved,pre-existing
summer_Son_Ye-jin_018.jpg,summer,Son Ye-jin,Korean,saved,pre-existing
summer_Son_Ye-jin_019.jpg,summer,Son Ye-jin,Korean,saved,pre-existing
summer_Irene_001.jpg,summer,Irene,Korean,saved,pre-existing
summer_Irene_002.jpg,summer,Irene,Korean,saved,pre-existing
summer_Irene_003.jpg,summer,Irene,Korean,saved,pre-existing
summer_Irene_004.jpg,summer,Irene,Korean,saved,pre-existing
summer_Irene_005.jpg,summer,Irene,Korean,saved,pre-existing
summer_Irene_006.jpg,summer,Irene,Korean,saved,pre-existing
summer_Irene_007.jpg,summer,Irene,Korean,saved,pre-existing
summer_Irene_008.jpg,summer,Irene,Korean,saved,pre-existing
summer_Irene_009.jpg,summer,Irene,Korean,saved,pre-existing
summer_Irene_010.jpg,summer,Irene,Korean,saved,pre-existing
summer_Irene_011.jpg,summer,Irene,Korean,saved,pre-existing
summer_Irene_012.jpg,summer,Irene,Korean,saved,pre-existing
summer_Irene_013.jpg,summer,Irene,Korean,saved,pre-existing
summer_Irene_014.jpg,summer,Irene,Korean,saved,pre-existing
summer_Irene_015.jpg,summer,Irene,Korean,saved,pre-existing
summer_Irene_016.jpg,summer,Irene,Korean,saved,pre-existing
summer_Irene_017.jpg,summer,Irene,Korean,saved,pre-existing
summer_Irene_018.jpg,summer,Irene,Korean,saved,pre-existing
summer_Irene_019.jpg,summer,Irene,Korean,saved,pre-existing
summer_Jang_Wonyoung_001.jpg,summer,Jang Wonyoung,Korean,saved,pre-existing
summer_Jang_Wonyoung_002.jpg,summer,Jang Wonyoung,Korean,saved,pre-existing
summer_Jang_Wonyoung_003.jpg,summer,Jang Wonyoung,Korean,saved,pre-existing
summer_Taeyeon_001.jpg,summer,Taeyeon,Korean,saved,pre-existing
summer_Taeyeon_002.jpg,summer,Taeyeon,Korean,saved,pre-existing
summer_Taeyeon_003.jpg,summer,Taeyeon,Korean,saved,pre-existing
summer_Taeyeon_004.jpg,summer,Taeyeon,Korean,saved,pre-existing
summer_Taeyeon_005.jpg,summer,Taeyeon,Korean,saved,pre-existing
summer_Taeyeon_006.jpg,summer,Taeyeon,Korean,saved,pre-existing
summer_Taeyeon_007.jpg,summer,Taeyeon,Korean,saved,pre-existing
summer_Taeyeon_008.jpg,summer,Taeyeon,Korean,saved,pre-existing
summer_Taeyeon_009.jpg,summer,Taeyeon,Korean,saved,pre-existing
summer_Taeyeon_010.jpg,summer,Taeyeon,Korean,saved,pre-existing
summer_Taeyeon_011.jpg,summer,Taeyeon,Korean,saved,pre-existing
summer_Taeyeon_012.jpg,summer,Taeyeon,Korean,saved,pre-existing
summer_Taeyeon_013.jpg,summer,Taeyeon,Korean,saved,pre-existing
summer_Taeyeon_014.jpg,summer,Taeyeon,Korean,saved,pre-existing
summer_Cha_Eunwoo_001.jpg,summer,Cha Eunwoo,Korean,saved,pre-existing
summer_Cha_Eunwoo_002.jpg,summer,Cha Eunwoo,Korean,saved,pre-existing
summer_Cha_Eunwoo_003.jpg,summer,Cha Eunwoo,Korean,saved,pre-existing
summer_Cha_Eunwoo_004.jpg,summer,Cha Eunwoo,Korean,saved,pre-existing
summer_Cha_Eunwoo_005.jpg,summer,Cha Eunwoo,Korean,saved,pre-existing
summer_Cha_Eunwoo_006.jpg,summer,Cha Eunwoo,Korean,saved,pre-existing
summer_Cha_Eunwoo_007.jpg,summer,Cha Eunwoo,Korean,saved,pre-existing
summer_Cha_Eunwoo_008.jpg,summer,Cha Eunwoo,Korean,saved,pre-existing
summer_Cha_Eunwoo_009.jpg,summer,Cha Eunwoo,Korean,saved,pre-existing
summer_Jimin_001.jpg,summer,Jimin,Korean,saved,pre-existing
summer_Jimin_002.jpg,summer,Jimin,Korean,saved,pre-existing
summer_Jimin_003.jpg,summer,Jimin,Korean,saved,pre-existing
summer_Jimin_004.jpg,summer,Jimin,Korean,saved,pre-existing
summer_Jimin_005.jpg,summer,Jimin,Korean,saved,pre-existing
summer_Jimin_006.jpg,summer,Jimin,Korean,saved,pre-existing
summer_Jimin_007.jpg,summer,Jimin,Korean,saved,pre-existing
summer_Jimin_008.jpg,summer,Jimin,Korean,saved,pre-existing
summer_Jimin_009.jpg,summer,Jimin,Korean,saved,pre-existing
summer_Jimin_010.jpg,summer,Jimin,Korean,saved,pre-existing
summer_Jimin_011.jpg,summer,Jimin,Korean,saved,pre-existing
summer_Jimin_012.jpg,summer,Jimin,Korean,saved,pre-existing
summer_Taylor_Swift_001.jpg,summer,Taylor Swift,Western,saved,pre-existing
summer_Taylor_Swift_002.jpg,summer,Taylor Swift,Western,saved,pre-existing
summer_Taylor_Swift_003.jpg,summer,Taylor Swift,Western,saved,pre-existing
summer_Taylor_Swift_004.jpg,summer,Taylor Swift,Western,saved,pre-existing
summer_Taylor_Swift_005.jpg,summer,Taylor Swift,Western,saved,pre-existing
summer_Taylor_Swift_006.jpg,summer,Taylor Swift,Western,saved,pre-existing
summer_Taylor_Swift_007.jpg,summer,Taylor Swift,Western,saved,pre-existing
summer_Taylor_Swift_008.jpg,summer,Taylor Swift,Western,saved,pre-existing
summer_Taylor_Swift_009.jpg,summer,Taylor Swift,Western,saved,pre-existing
summer_Taylor_Swift_010.jpg,summer,Taylor Swift,Western,saved,pre-existing
summer_Taylor_Swift_011.jpg,summer,Taylor Swift,Western,saved,pre-existing
summer_Taylor_Swift_012.jpg,summer,Taylor Swift,Western,saved,pre-existing
summer_Taylor_Swift_013.jpg,summer,Taylor Swift,Western,saved,pre-existing
summer_Taylor_Swift_014.jpg,summer,Taylor Swift,Western,saved,pre-existing
summer_Taylor_Swift_015.jpg,summer,Taylor Swift,Western,saved,pre-existing
summer_Taylor_Swift_016.jpg,summer,Taylor Swift,Western,saved,pre-existing
summer_Taylor_Swift_017.jpg,summer,Taylor Swift,Western,saved,pre-existing
summer_Nicole_Kidman_001.jpg,summer,Nicole Kidman,Western,saved,pre-existing
summer_Nicole_Kidman_002.jpg,summer,Nicole Kidman,Western,saved,pre-existing
summer_Nicole_Kidman_003.jpg,summer,Nicole Kidman,Western,saved,pre-existing
summer_Nicole_Kidman_004.jpg,summer,Nicole Kidman,Western,saved,pre-existing
summer_Nicole_Kidman_005.jpg,summer,Nicole Kidman,Western,saved,pre-existing
summer_Nicole_Kidman_006.jpg,summer,Nicole Kidman,Western,saved,pre-existing
summer_Nicole_Kidman_007.jpg,summer,Nicole Kidman,Western,saved,pre-existing
summer_Nicole_Kidman_008.jpg,summer,Nicole Kidman,Western,saved,pre-existing
summer_Nicole_Kidman_009.jpg,summer,Nicole Kidman,Western,saved,pre-existing
summer_Nicole_Kidman_010.jpg,summer,Nicole Kidman,Western,saved,pre-existing
summer_Nicole_Kidman_011.jpg,summer,Nicole Kidman,Western,saved,pre-existing
summer_Nicole_Kidman_012.jpg,summer,Nicole Kidman,Western,saved,pre-existing
summer_Nicole_Kidman_013.jpg,summer,Nicole Kidman,Western,saved,pre-existing
summer_Nicole_Kidman_014.jpg,summer,Nicole Kidman,Western,saved,pre-existing
summer_Nicole_Kidman_015.jpg,summer,Nicole Kidman,Western,saved,pre-existing
summer_Nicole_Kidman_016.jpg,summer,Nicole Kidman,Western,saved,pre-existing
summer_Nicole_Kidman_017.jpg,summer,Nicole Kidman,Western,saved,pre-existing
summer_Nicole_Kidman_018.jpg,summer,Nicole Kidman,Western,saved,pre-existing
summer_Nicole_Kidman_019.jpg,summer,Nicole Kidman,Western,saved,pre-existing
summer_Robert_Pattinson_001.jpg,summer,Robert Pattinson,Western,saved,pre-existing
summer_Robert_Pattinson_002.jpg,summer,Robert Pattinson,Western,saved,pre-existing
summer_Robert_Pattinson_003.jpg,summer,Robert Pattinson,Western,saved,pre-existing
summer_Robert_Pattinson_004.jpg,summer,Robert Pattinson,Western,saved,pre-existing
summer_Robert_Pattinson_005.jpg,summer,Robert Pattinson,Western,saved,pre-existing
summer_Robert_Pattinson_006.jpg,summer,Robert Pattinson,Western,saved,pre-existing
summer_Robert_Pattinson_007.jpg,summer,Robert Pattinson,Western,saved,pre-existing
summer_Robert_Pattinson_008.jpg,summer,Robert Pattinson,Western,saved,pre-existing
summer_Robert_Pattinson_009.jpg,summer,Robert Pattinson,Western,saved,pre-existing
summer_Robert_Pattinson_010.jpg,summer,Robert Pattinson,Western,saved,pre-existing
summer_Robert_Pattinson_011.jpg,summer,Robert Pattinson,Western,saved,pre-existing
summer_Robert_Pattinson_012.jpg,summer,Robert Pattinson,Western,saved,pre-existing
summer_Robert_Pattinson_013.jpg,summer,Robert Pattinson,Western,saved,pre-existing
summer_Robert_Pattinson_014.jpg,summer,Robert Pattinson,Western,saved,pre-existing
summer_Robert_Pattinson_015.jpg,summer,Robert Pattinson,Western,saved,pre-existing
summer_Robert_Pattinson_016.jpg,summer,Robert Pattinson,Western,saved,pre-existing
summer_Robert_Pattinson_017.jpg,summer,Robert Pattinson,Western,saved,pre-existing
summer_Timothée_Chalamet_001.jpg,summer,Timothée Chalamet,Western,rejected_no_face,dataset\raw\summer\Timothée_Chalamet\000001.jpg
summer_Timothée_Chalamet_001.jpg,summer,Timothée Chalamet,Western,rejected_no_face,dataset\raw\summer\Timothée_Chalamet\000002.jpg
summer_Timothée_Chalamet_001.jpg,summer,Timothée Chalamet,Western,rejected_no_face,dataset\raw\summer\Timothée_Chalamet\000003.jpg
summer_Timothée_Chalamet_001.jpg,summer,Timothée Chalamet,Western,rejected_no_face,dataset\raw\summer\Timothée_Chalamet\000004.jpg
summer_Timothée_Chalamet_001.jpg,summer,Timothée Chalamet,Western,rejected_no_face,dataset\raw\summer\Timothée_Chalamet\000005.jpg
summer_Timothée_Chalamet_001.jpg,summer,Timothée Chalamet,Western,rejected_no_face,dataset\raw\summer\Timothée_Chalamet\000006.jpg
summer_Timothée_Chalamet_001.jpg,summer,Timothée Chalamet,Western,rejected_no_face,dataset\raw\summer\Timothée_Chalamet\000007.jpg
summer_Timothée_Chalamet_001.jpg,summer,Timothée Chalamet,Western,rejected_no_face,dataset\raw\summer\Timothée_Chalamet\000008.jpg
summer_Timothée_Chalamet_001.jpg,summer,Timothée Chalamet,Western,rejected_no_face,dataset\raw\summer\Timothée_Chalamet\000009.jpg
summer_Timothée_Chalamet_001.jpg,summer,Timothée Chalamet,Western,rejected_no_face,dataset\raw\summer\Timothée_Chalamet\000010.jpg
summer_Timothée_Chalamet_001.jpg,summer,Timothée Chalamet,Western,rejected_no_face,dataset\raw\summer\Timothée_Chalamet\000011.jpg
summer_Timothée_Chalamet_001.jpg,summer,Timothée Chalamet,Western,rejected_no_face,dataset\raw\summer\Timothée_Chalamet\000012.jpg
summer_Timothée_Chalamet_001.jpg,summer,Timothée Chalamet,Western,rejected_no_face,dataset\raw\summer\Timothée_Chalamet\000013.jpg
summer_Timothée_Chalamet_001.jpg,summer,Timothée Chalamet,Western,rejected_no_face,dataset\raw\summer\Timothée_Chalamet\000014.jpg
summer_Timothée_Chalamet_001.jpg,summer,Timothée Chalamet,Western,rejected_no_face,dataset\raw\summer\Timothée_Chalamet\000015.jpg
summer_Timothée_Chalamet_001.jpg,summer,Timothée Chalamet,Western,rejected_no_face,dataset\raw\summer\Timothée_Chalamet\000016.jpg
summer_Timothée_Chalamet_001.jpg,summer,Timothée Chalamet,Western,rejected_no_face,dataset\raw\summer\Timothée_Chalamet\000017.jpg
summer_Timothée_Chalamet_001.jpg,summer,Timothée Chalamet,Western,rejected_no_face,dataset\raw\summer\Timothée_Chalamet\000018.jpg
summer_Timothée_Chalamet_001.jpg,summer,Timothée Chalamet,Western,rejected_no_face,dataset\raw\summer\Timothée_Chalamet\000019.jpg
summer_Timothée_Chalamet_001.jpg,summer,Timothée Chalamet,Western,rejected_no_face,dataset\raw\summer\Timothée_Chalamet\000020.jpg
autumn_Kathryn_Bernardo_001.jpg,autumn,Kathryn Bernardo,Filipino,saved,pre-existing
autumn_Kathryn_Bernardo_002.jpg,autumn,Kathryn Bernardo,Filipino,saved,pre-existing
autumn_Kathryn_Bernardo_003.jpg,autumn,Kathryn Bernardo,Filipino,saved,pre-existing
autumn_Kathryn_Bernardo_004.jpg,autumn,Kathryn Bernardo,Filipino,saved,pre-existing
autumn_Kathryn_Bernardo_005.jpg,autumn,Kathryn Bernardo,Filipino,saved,pre-existing
autumn_Kathryn_Bernardo_006.jpg,autumn,Kathryn Bernardo,Filipino,saved,pre-existing
autumn_Kathryn_Bernardo_007.jpg,autumn,Kathryn Bernardo,Filipino,saved,pre-existing
autumn_Kathryn_Bernardo_008.jpg,autumn,Kathryn Bernardo,Filipino,saved,pre-existing
autumn_Kathryn_Bernardo_009.jpg,autumn,Kathryn Bernardo,Filipino,saved,pre-existing
autumn_Kathryn_Bernardo_010.jpg,autumn,Kathryn Bernardo,Filipino,saved,pre-existing
autumn_Kathryn_Bernardo_011.jpg,autumn,Kathryn Bernardo,Filipino,saved,pre-existing
autumn_Kathryn_Bernardo_012.jpg,autumn,Kathryn Bernardo,Filipino,saved,pre-existing
autumn_Kathryn_Bernardo_013.jpg,autumn,Kathryn Bernardo,Filipino,saved,pre-existing
autumn_Kathryn_Bernardo_014.jpg,autumn,Kathryn Bernardo,Filipino,saved,pre-existing
autumn_Kathryn_Bernardo_015.jpg,autumn,Kathryn Bernardo,Filipino,saved,pre-existing
autumn_Kathryn_Bernardo_016.jpg,autumn,Kathryn Bernardo,Filipino,saved,pre-existing
autumn_Kathryn_Bernardo_017.jpg,autumn,Kathryn Bernardo,Filipino,saved,pre-existing
autumn_Nadine_Lustre_001.jpg,autumn,Nadine Lustre,Filipino,saved,pre-existing
autumn_Nadine_Lustre_002.jpg,autumn,Nadine Lustre,Filipino,saved,pre-existing
autumn_Nadine_Lustre_003.jpg,autumn,Nadine Lustre,Filipino,saved,pre-existing
autumn_Nadine_Lustre_004.jpg,autumn,Nadine Lustre,Filipino,saved,pre-existing
autumn_Nadine_Lustre_005.jpg,autumn,Nadine Lustre,Filipino,saved,pre-existing
autumn_Nadine_Lustre_006.jpg,autumn,Nadine Lustre,Filipino,saved,pre-existing
autumn_Nadine_Lustre_007.jpg,autumn,Nadine Lustre,Filipino,saved,pre-existing
autumn_Nadine_Lustre_008.jpg,autumn,Nadine Lustre,Filipino,saved,pre-existing
autumn_Nadine_Lustre_009.jpg,autumn,Nadine Lustre,Filipino,saved,pre-existing
autumn_Nadine_Lustre_010.jpg,autumn,Nadine Lustre,Filipino,saved,pre-existing
autumn_Nadine_Lustre_011.jpg,autumn,Nadine Lustre,Filipino,saved,pre-existing
autumn_Nadine_Lustre_012.jpg,autumn,Nadine Lustre,Filipino,saved,pre-existing
autumn_Nadine_Lustre_013.jpg,autumn,Nadine Lustre,Filipino,saved,pre-existing
autumn_Nadine_Lustre_014.jpg,autumn,Nadine Lustre,Filipino,saved,pre-existing
autumn_Nadine_Lustre_015.jpg,autumn,Nadine Lustre,Filipino,saved,pre-existing
autumn_Nadine_Lustre_016.jpg,autumn,Nadine Lustre,Filipino,saved,pre-existing
autumn_Nadine_Lustre_017.jpg,autumn,Nadine Lustre,Filipino,saved,pre-existing
autumn_Gabbi_Garcia_001.jpg,autumn,Gabbi Garcia,Filipino,saved,pre-existing
autumn_Gabbi_Garcia_002.jpg,autumn,Gabbi Garcia,Filipino,saved,pre-existing
autumn_Gabbi_Garcia_003.jpg,autumn,Gabbi Garcia,Filipino,saved,pre-existing
autumn_Gabbi_Garcia_004.jpg,autumn,Gabbi Garcia,Filipino,saved,pre-existing
autumn_Gabbi_Garcia_005.jpg,autumn,Gabbi Garcia,Filipino,saved,pre-existing
autumn_Gabbi_Garcia_006.jpg,autumn,Gabbi Garcia,Filipino,saved,pre-existing
autumn_Gabbi_Garcia_007.jpg,autumn,Gabbi Garcia,Filipino,saved,pre-existing
autumn_Gabbi_Garcia_008.jpg,autumn,Gabbi Garcia,Filipino,saved,pre-existing
autumn_Gabbi_Garcia_009.jpg,autumn,Gabbi Garcia,Filipino,saved,pre-existing
autumn_Gabbi_Garcia_010.jpg,autumn,Gabbi Garcia,Filipino,saved,pre-existing
autumn_Gabbi_Garcia_011.jpg,autumn,Gabbi Garcia,Filipino,saved,pre-existing
autumn_Gabbi_Garcia_012.jpg,autumn,Gabbi Garcia,Filipino,saved,pre-existing
autumn_Gabbi_Garcia_013.jpg,autumn,Gabbi Garcia,Filipino,saved,pre-existing
autumn_Gabbi_Garcia_014.jpg,autumn,Gabbi Garcia,Filipino,saved,pre-existing
autumn_Gabbi_Garcia_015.jpg,autumn,Gabbi Garcia,Filipino,saved,pre-existing
autumn_Gabbi_Garcia_016.jpg,autumn,Gabbi Garcia,Filipino,saved,pre-existing
autumn_Gabbi_Garcia_017.jpg,autumn,Gabbi Garcia,Filipino,saved,pre-existing
autumn_Gabbi_Garcia_018.jpg,autumn,Gabbi Garcia,Filipino,saved,pre-existing
autumn_Gabbi_Garcia_019.jpg,autumn,Gabbi Garcia,Filipino,saved,pre-existing
autumn_Coleen_Garcia_001.jpg,autumn,Coleen Garcia,Filipino,saved,pre-existing
autumn_Coleen_Garcia_002.jpg,autumn,Coleen Garcia,Filipino,saved,pre-existing
autumn_Coleen_Garcia_003.jpg,autumn,Coleen Garcia,Filipino,saved,pre-existing
autumn_Coleen_Garcia_004.jpg,autumn,Coleen Garcia,Filipino,saved,pre-existing
autumn_Coleen_Garcia_005.jpg,autumn,Coleen Garcia,Filipino,saved,pre-existing
autumn_Coleen_Garcia_006.jpg,autumn,Coleen Garcia,Filipino,saved,pre-existing
autumn_Coleen_Garcia_007.jpg,autumn,Coleen Garcia,Filipino,saved,pre-existing
autumn_Coleen_Garcia_008.jpg,autumn,Coleen Garcia,Filipino,saved,pre-existing
autumn_Coleen_Garcia_009.jpg,autumn,Coleen Garcia,Filipino,saved,pre-existing
autumn_Coleen_Garcia_010.jpg,autumn,Coleen Garcia,Filipino,saved,pre-existing
autumn_Coleen_Garcia_011.jpg,autumn,Coleen Garcia,Filipino,saved,pre-existing
autumn_Liza_Soberano_001.jpg,autumn,Liza Soberano,Filipino,saved,pre-existing
autumn_Liza_Soberano_002.jpg,autumn,Liza Soberano,Filipino,saved,pre-existing
autumn_Liza_Soberano_003.jpg,autumn,Liza Soberano,Filipino,saved,pre-existing
autumn_Liza_Soberano_004.jpg,autumn,Liza Soberano,Filipino,saved,pre-existing
autumn_Liza_Soberano_005.jpg,autumn,Liza Soberano,Filipino,saved,pre-existing
autumn_Liza_Soberano_006.jpg,autumn,Liza Soberano,Filipino,saved,pre-existing
autumn_Liza_Soberano_007.jpg,autumn,Liza Soberano,Filipino,saved,pre-existing
autumn_Liza_Soberano_008.jpg,autumn,Liza Soberano,Filipino,saved,pre-existing
autumn_Liza_Soberano_009.jpg,autumn,Liza Soberano,Filipino,saved,pre-existing
autumn_Liza_Soberano_010.jpg,autumn,Liza Soberano,Filipino,saved,pre-existing
autumn_Liza_Soberano_011.jpg,autumn,Liza Soberano,Filipino,saved,pre-existing
autumn_Liza_Soberano_012.jpg,autumn,Liza Soberano,Filipino,saved,pre-existing
autumn_Liza_Soberano_013.jpg,autumn,Liza Soberano,Filipino,saved,pre-existing
autumn_Liza_Soberano_014.jpg,autumn,Liza Soberano,Filipino,saved,pre-existing
autumn_Liza_Soberano_015.jpg,autumn,Liza Soberano,Filipino,saved,pre-existing
autumn_Liza_Soberano_016.jpg,autumn,Liza Soberano,Filipino,saved,pre-existing
autumn_Liza_Soberano_017.jpg,autumn,Liza Soberano,Filipino,saved,pre-existing
autumn_Piolo_Pascual_001.jpg,autumn,Piolo Pascual,Filipino,saved,pre-existing
autumn_Piolo_Pascual_002.jpg,autumn,Piolo Pascual,Filipino,saved,pre-existing
autumn_Piolo_Pascual_003.jpg,autumn,Piolo Pascual,Filipino,saved,pre-existing
autumn_Piolo_Pascual_004.jpg,autumn,Piolo Pascual,Filipino,saved,pre-existing
autumn_Piolo_Pascual_005.jpg,autumn,Piolo Pascual,Filipino,saved,pre-existing
autumn_Piolo_Pascual_006.jpg,autumn,Piolo Pascual,Filipino,saved,pre-existing
autumn_Piolo_Pascual_007.jpg,autumn,Piolo Pascual,Filipino,saved,pre-existing
autumn_Piolo_Pascual_008.jpg,autumn,Piolo Pascual,Filipino,saved,pre-existing
autumn_Piolo_Pascual_009.jpg,autumn,Piolo Pascual,Filipino,saved,pre-existing
autumn_Piolo_Pascual_010.jpg,autumn,Piolo Pascual,Filipino,saved,pre-existing
autumn_Piolo_Pascual_011.jpg,autumn,Piolo Pascual,Filipino,saved,pre-existing
autumn_Piolo_Pascual_012.jpg,autumn,Piolo Pascual,Filipino,saved,pre-existing
autumn_Piolo_Pascual_013.jpg,autumn,Piolo Pascual,Filipino,saved,pre-existing
autumn_Piolo_Pascual_014.jpg,autumn,Piolo Pascual,Filipino,saved,pre-existing
autumn_Piolo_Pascual_015.jpg,autumn,Piolo Pascual,Filipino,saved,pre-existing
autumn_Piolo_Pascual_016.jpg,autumn,Piolo Pascual,Filipino,saved,pre-existing
autumn_Piolo_Pascual_017.jpg,autumn,Piolo Pascual,Filipino,saved,pre-existing
autumn_Piolo_Pascual_018.jpg,autumn,Piolo Pascual,Filipino,saved,pre-existing
autumn_Piolo_Pascual_019.jpg,autumn,Piolo Pascual,Filipino,saved,pre-existing
autumn_Daniel_Padilla_001.jpg,autumn,Daniel Padilla,Filipino,saved,pre-existing
autumn_Daniel_Padilla_002.jpg,autumn,Daniel Padilla,Filipino,saved,pre-existing
autumn_Daniel_Padilla_003.jpg,autumn,Daniel Padilla,Filipino,saved,pre-existing
autumn_Daniel_Padilla_004.jpg,autumn,Daniel Padilla,Filipino,saved,pre-existing
autumn_Daniel_Padilla_005.jpg,autumn,Daniel Padilla,Filipino,saved,pre-existing
autumn_Daniel_Padilla_006.jpg,autumn,Daniel Padilla,Filipino,saved,pre-existing
autumn_Daniel_Padilla_007.jpg,autumn,Daniel Padilla,Filipino,saved,pre-existing
autumn_Daniel_Padilla_008.jpg,autumn,Daniel Padilla,Filipino,saved,pre-existing
autumn_Daniel_Padilla_009.jpg,autumn,Daniel Padilla,Filipino,saved,pre-existing
autumn_Daniel_Padilla_010.jpg,autumn,Daniel Padilla,Filipino,saved,pre-existing
autumn_Daniel_Padilla_011.jpg,autumn,Daniel Padilla,Filipino,saved,pre-existing
autumn_Daniel_Padilla_012.jpg,autumn,Daniel Padilla,Filipino,saved,pre-existing
autumn_Daniel_Padilla_013.jpg,autumn,Daniel Padilla,Filipino,saved,pre-existing
autumn_Daniel_Padilla_014.jpg,autumn,Daniel Padilla,Filipino,saved,pre-existing
autumn_Daniel_Padilla_015.jpg,autumn,Daniel Padilla,Filipino,saved,pre-existing
autumn_Daniel_Padilla_016.jpg,autumn,Daniel Padilla,Filipino,saved,pre-existing
autumn_Daniel_Padilla_017.jpg,autumn,Daniel Padilla,Filipino,saved,pre-existing
autumn_Daniel_Padilla_018.jpg,autumn,Daniel Padilla,Filipino,saved,pre-existing
autumn_Enrique_Gil_001.jpg,autumn,Enrique Gil,Filipino,saved,pre-existing
autumn_Enrique_Gil_002.jpg,autumn,Enrique Gil,Filipino,saved,pre-existing
autumn_Enrique_Gil_003.jpg,autumn,Enrique Gil,Filipino,saved,pre-existing
autumn_Enrique_Gil_004.jpg,autumn,Enrique Gil,Filipino,saved,pre-existing
autumn_Enrique_Gil_005.jpg,autumn,Enrique Gil,Filipino,saved,pre-existing
autumn_Enrique_Gil_006.jpg,autumn,Enrique Gil,Filipino,saved,pre-existing
autumn_Enrique_Gil_007.jpg,autumn,Enrique Gil,Filipino,saved,pre-existing
autumn_Enrique_Gil_008.jpg,autumn,Enrique Gil,Filipino,saved,pre-existing
autumn_Enrique_Gil_009.jpg,autumn,Enrique Gil,Filipino,saved,pre-existing
autumn_Enrique_Gil_010.jpg,autumn,Enrique Gil,Filipino,saved,pre-existing
autumn_Enrique_Gil_011.jpg,autumn,Enrique Gil,Filipino,saved,pre-existing
autumn_Enrique_Gil_012.jpg,autumn,Enrique Gil,Filipino,saved,pre-existing
autumn_Enrique_Gil_013.jpg,autumn,Enrique Gil,Filipino,saved,pre-existing
autumn_Enrique_Gil_014.jpg,autumn,Enrique Gil,Filipino,saved,pre-existing
autumn_Enrique_Gil_015.jpg,autumn,Enrique Gil,Filipino,saved,pre-existing
autumn_Enrique_Gil_016.jpg,autumn,Enrique Gil,Filipino,saved,pre-existing
autumn_Enrique_Gil_017.jpg,autumn,Enrique Gil,Filipino,saved,pre-existing
autumn_Enrique_Gil_018.jpg,autumn,Enrique Gil,Filipino,saved,pre-existing
autumn_Enrique_Gil_019.jpg,autumn,Enrique Gil,Filipino,saved,pre-existing
autumn_Coco_Martin_001.jpg,autumn,Coco Martin,Filipino,saved,pre-existing
autumn_Coco_Martin_002.jpg,autumn,Coco Martin,Filipino,saved,pre-existing
autumn_Coco_Martin_003.jpg,autumn,Coco Martin,Filipino,saved,pre-existing
autumn_Coco_Martin_004.jpg,autumn,Coco Martin,Filipino,saved,pre-existing
autumn_Coco_Martin_005.jpg,autumn,Coco Martin,Filipino,saved,pre-existing
autumn_Coco_Martin_006.jpg,autumn,Coco Martin,Filipino,saved,pre-existing
autumn_Coco_Martin_007.jpg,autumn,Coco Martin,Filipino,saved,pre-existing
autumn_Coco_Martin_008.jpg,autumn,Coco Martin,Filipino,saved,pre-existing
autumn_Coco_Martin_009.jpg,autumn,Coco Martin,Filipino,saved,pre-existing
autumn_Coco_Martin_010.jpg,autumn,Coco Martin,Filipino,saved,pre-existing
autumn_Coco_Martin_011.jpg,autumn,Coco Martin,Filipino,saved,pre-existing
autumn_Coco_Martin_012.jpg,autumn,Coco Martin,Filipino,saved,pre-existing
autumn_Coco_Martin_013.jpg,autumn,Coco Martin,Filipino,saved,pre-existing
autumn_Coco_Martin_014.jpg,autumn,Coco Martin,Filipino,saved,pre-existing
autumn_Coco_Martin_015.jpg,autumn,Coco Martin,Filipino,saved,pre-existing
autumn_Coco_Martin_016.jpg,autumn,Coco Martin,Filipino,saved,pre-existing
autumn_Coco_Martin_017.jpg,autumn,Coco Martin,Filipino,saved,pre-existing
autumn_Coco_Martin_018.jpg,autumn,Coco Martin,Filipino,saved,pre-existing
autumn_Coco_Martin_019.jpg,autumn,Coco Martin,Filipino,saved,pre-existing
autumn_Coco_Martin_020.jpg,autumn,Coco Martin,Filipino,saved,pre-existing
autumn_Joshua_Garcia_001.jpg,autumn,Joshua Garcia,Filipino,saved,pre-existing
autumn_Joshua_Garcia_002.jpg,autumn,Joshua Garcia,Filipino,saved,pre-existing
autumn_Joshua_Garcia_003.jpg,autumn,Joshua Garcia,Filipino,saved,pre-existing
autumn_Joshua_Garcia_004.jpg,autumn,Joshua Garcia,Filipino,saved,pre-existing
autumn_Joshua_Garcia_005.jpg,autumn,Joshua Garcia,Filipino,saved,pre-existing
autumn_Joshua_Garcia_006.jpg,autumn,Joshua Garcia,Filipino,saved,pre-existing
autumn_Joshua_Garcia_007.jpg,autumn,Joshua Garcia,Filipino,saved,pre-existing
autumn_Joshua_Garcia_008.jpg,autumn,Joshua Garcia,Filipino,saved,pre-existing
autumn_Joshua_Garcia_009.jpg,autumn,Joshua Garcia,Filipino,saved,pre-existing
autumn_Joshua_Garcia_010.jpg,autumn,Joshua Garcia,Filipino,saved,pre-existing
autumn_Joshua_Garcia_011.jpg,autumn,Joshua Garcia,Filipino,saved,pre-existing
autumn_Joshua_Garcia_012.jpg,autumn,Joshua Garcia,Filipino,saved,pre-existing
autumn_Joshua_Garcia_013.jpg,autumn,Joshua Garcia,Filipino,saved,pre-existing
autumn_Joshua_Garcia_014.jpg,autumn,Joshua Garcia,Filipino,saved,pre-existing
autumn_Joshua_Garcia_015.jpg,autumn,Joshua Garcia,Filipino,saved,pre-existing
autumn_Joshua_Garcia_016.jpg,autumn,Joshua Garcia,Filipino,saved,pre-existing
autumn_Jennie_001.jpg,autumn,Jennie,Korean,saved,pre-existing
autumn_Jennie_002.jpg,autumn,Jennie,Korean,saved,pre-existing
autumn_Jennie_003.jpg,autumn,Jennie,Korean,saved,pre-existing
autumn_Jennie_004.jpg,autumn,Jennie,Korean,saved,pre-existing
autumn_Jennie_005.jpg,autumn,Jennie,Korean,saved,pre-existing
autumn_Jennie_006.jpg,autumn,Jennie,Korean,saved,pre-existing
autumn_Jennie_007.jpg,autumn,Jennie,Korean,saved,pre-existing
autumn_Jennie_008.jpg,autumn,Jennie,Korean,saved,pre-existing
autumn_Jennie_009.jpg,autumn,Jennie,Korean,saved,pre-existing
autumn_Jennie_010.jpg,autumn,Jennie,Korean,saved,pre-existing
autumn_Jennie_011.jpg,autumn,Jennie,Korean,saved,pre-existing
autumn_Jennie_012.jpg,autumn,Jennie,Korean,saved,pre-existing
autumn_Jennie_013.jpg,autumn,Jennie,Korean,saved,pre-existing
autumn_Jennie_014.jpg,autumn,Jennie,Korean,saved,pre-existing
autumn_Jennie_015.jpg,autumn,Jennie,Korean,saved,pre-existing
autumn_Jennie_016.jpg,autumn,Jennie,Korean,saved,pre-existing
autumn_Jennie_017.jpg,autumn,Jennie,Korean,saved,pre-existing
autumn_Jennie_018.jpg,autumn,Jennie,Korean,saved,pre-existing
autumn_Jennie_019.jpg,autumn,Jennie,Korean,saved,pre-existing
autumn_Jennie_020.jpg,autumn,Jennie,Korean,saved,pre-existing
autumn_Jaehyun_001.jpg,autumn,Jaehyun,Korean,saved,pre-existing
autumn_Jaehyun_002.jpg,autumn,Jaehyun,Korean,saved,pre-existing
autumn_Jaehyun_003.jpg,autumn,Jaehyun,Korean,saved,pre-existing
autumn_Jaehyun_004.jpg,autumn,Jaehyun,Korean,saved,pre-existing
autumn_Jaehyun_005.jpg,autumn,Jaehyun,Korean,saved,pre-existing
autumn_Jaehyun_006.jpg,autumn,Jaehyun,Korean,saved,pre-existing
autumn_Jaehyun_007.jpg,autumn,Jaehyun,Korean,saved,pre-existing
autumn_Jaehyun_008.jpg,autumn,Jaehyun,Korean,saved,pre-existing
autumn_Jaehyun_009.jpg,autumn,Jaehyun,Korean,saved,pre-existing
autumn_Jaehyun_010.jpg,autumn,Jaehyun,Korean,saved,pre-existing
autumn_Jaehyun_011.jpg,autumn,Jaehyun,Korean,saved,pre-existing
autumn_Jaehyun_012.jpg,autumn,Jaehyun,Korean,saved,pre-existing
autumn_Jaehyun_013.jpg,autumn,Jaehyun,Korean,saved,pre-existing
autumn_Jaehyun_014.jpg,autumn,Jaehyun,Korean,saved,pre-existing
autumn_V_(BTS)_001.jpg,autumn,V (BTS),Korean,saved,pre-existing
autumn_V_(BTS)_002.jpg,autumn,V (BTS),Korean,saved,pre-existing
autumn_V_(BTS)_003.jpg,autumn,V (BTS),Korean,saved,pre-existing
autumn_V_(BTS)_004.jpg,autumn,V (BTS),Korean,saved,pre-existing
autumn_V_(BTS)_005.jpg,autumn,V (BTS),Korean,saved,pre-existing
autumn_V_(BTS)_006.jpg,autumn,V (BTS),Korean,saved,pre-existing
autumn_V_(BTS)_007.jpg,autumn,V (BTS),Korean,saved,pre-existing
autumn_V_(BTS)_008.jpg,autumn,V (BTS),Korean,saved,pre-existing
autumn_V_(BTS)_009.jpg,autumn,V (BTS),Korean,saved,pre-existing
autumn_V_(BTS)_010.jpg,autumn,V (BTS),Korean,saved,pre-existing
autumn_V_(BTS)_011.jpg,autumn,V (BTS),Korean,saved,pre-existing
autumn_V_(BTS)_012.jpg,autumn,V (BTS),Korean,saved,pre-existing
autumn_V_(BTS)_013.jpg,autumn,V (BTS),Korean,saved,pre-existing
autumn_V_(BTS)_014.jpg,autumn,V (BTS),Korean,saved,pre-existing
autumn_V_(BTS)_015.jpg,autumn,V (BTS),Korean,saved,pre-existing
autumn_V_(BTS)_016.jpg,autumn,V (BTS),Korean,saved,pre-existing
autumn_V_(BTS)_017.jpg,autumn,V (BTS),Korean,saved,pre-existing
autumn_Beyoncé_001.jpg,autumn,Beyoncé,Western,rejected_no_face,dataset\raw\autumn\Beyoncé\000001.jpg
autumn_Beyoncé_001.jpg,autumn,Beyoncé,Western,rejected_no_face,dataset\raw\autumn\Beyoncé\000002.jpg
autumn_Beyoncé_001.jpg,autumn,Beyoncé,Western,rejected_no_face,dataset\raw\autumn\Beyoncé\000003.jpg
autumn_Beyoncé_001.jpg,autumn,Beyoncé,Western,rejected_no_face,dataset\raw\autumn\Beyoncé\000004.jpg
autumn_Beyoncé_001.jpg,autumn,Beyoncé,Western,rejected_no_face,dataset\raw\autumn\Beyoncé\000005.jpg
autumn_Beyoncé_001.jpg,autumn,Beyoncé,Western,rejected_no_face,dataset\raw\autumn\Beyoncé\000006.jpg
autumn_Beyoncé_001.jpg,autumn,Beyoncé,Western,rejected_no_face,dataset\raw\autumn\Beyoncé\000007.jpg
autumn_Beyoncé_001.jpg,autumn,Beyoncé,Western,rejected_no_face,dataset\raw\autumn\Beyoncé\000008.jpg
autumn_Beyoncé_001.jpg,autumn,Beyoncé,Western,rejected_no_face,dataset\raw\autumn\Beyoncé\000009.jpg
autumn_Beyoncé_001.jpg,autumn,Beyoncé,Western,rejected_no_face,dataset\raw\autumn\Beyoncé\000010.jpg
autumn_Beyoncé_001.jpg,autumn,Beyoncé,Western,rejected_no_face,dataset\raw\autumn\Beyoncé\000011.jpg
autumn_Beyoncé_001.jpg,autumn,Beyoncé,Western,rejected_no_face,dataset\raw\autumn\Beyoncé\000012.jpg
autumn_Beyoncé_001.jpg,autumn,Beyoncé,Western,rejected_no_face,dataset\raw\autumn\Beyoncé\000013.jpg
autumn_Beyoncé_001.jpg,autumn,Beyoncé,Western,rejected_no_face,dataset\raw\autumn\Beyoncé\000014.jpg
autumn_Beyoncé_001.jpg,autumn,Beyoncé,Western,rejected_no_face,dataset\raw\autumn\Beyoncé\000015.jpg
autumn_Beyoncé_001.jpg,autumn,Beyoncé,Western,rejected_no_face,dataset\raw\autumn\Beyoncé\000016.jpg
autumn_Beyoncé_001.jpg,autumn,Beyoncé,Western,rejected_no_face,dataset\raw\autumn\Beyoncé\000017.jpg
autumn_Beyoncé_001.jpg,autumn,Beyoncé,Western,rejected_no_face,dataset\raw\autumn\Beyoncé\000018.jpg
autumn_Beyoncé_001.jpg,autumn,Beyoncé,Western,rejected_no_face,dataset\raw\autumn\Beyoncé\000019.jpg
autumn_Oscar_Isaac_001.jpg,autumn,Oscar Isaac,Western,saved,pre-existing
autumn_Oscar_Isaac_002.jpg,autumn,Oscar Isaac,Western,saved,pre-existing
autumn_Oscar_Isaac_003.jpg,autumn,Oscar Isaac,Western,saved,pre-existing
autumn_Oscar_Isaac_004.jpg,autumn,Oscar Isaac,Western,saved,pre-existing
autumn_Oscar_Isaac_005.jpg,autumn,Oscar Isaac,Western,saved,pre-existing
autumn_Oscar_Isaac_006.jpg,autumn,Oscar Isaac,Western,saved,pre-existing
autumn_Oscar_Isaac_007.jpg,autumn,Oscar Isaac,Western,saved,pre-existing
autumn_Oscar_Isaac_008.jpg,autumn,Oscar Isaac,Western,saved,pre-existing
autumn_Oscar_Isaac_009.jpg,autumn,Oscar Isaac,Western,saved,pre-existing
autumn_Oscar_Isaac_010.jpg,autumn,Oscar Isaac,Western,saved,pre-existing
autumn_Oscar_Isaac_011.jpg,autumn,Oscar Isaac,Western,saved,pre-existing
autumn_Oscar_Isaac_012.jpg,autumn,Oscar Isaac,Western,saved,pre-existing
autumn_Oscar_Isaac_013.jpg,autumn,Oscar Isaac,Western,saved,pre-existing
autumn_Oscar_Isaac_014.jpg,autumn,Oscar Isaac,Western,saved,pre-existing
autumn_Oscar_Isaac_015.jpg,autumn,Oscar Isaac,Western,saved,pre-existing
autumn_Oscar_Isaac_016.jpg,autumn,Oscar Isaac,Western,saved,pre-existing
autumn_Oscar_Isaac_017.jpg,autumn,Oscar Isaac,Western,saved,pre-existing
autumn_Oscar_Isaac_018.jpg,autumn,Oscar Isaac,Western,saved,pre-existing
autumn_Oscar_Isaac_019.jpg,autumn,Oscar Isaac,Western,saved,pre-existing
autumn_Oscar_Isaac_020.jpg,autumn,Oscar Isaac,Western,saved,pre-existing
winter_Heart_Evangelista_001.jpg,winter,Heart Evangelista,Filipino,saved,pre-existing
winter_Heart_Evangelista_002.jpg,winter,Heart Evangelista,Filipino,saved,pre-existing
winter_Heart_Evangelista_003.jpg,winter,Heart Evangelista,Filipino,saved,pre-existing
winter_Heart_Evangelista_004.jpg,winter,Heart Evangelista,Filipino,saved,pre-existing
winter_Heart_Evangelista_005.jpg,winter,Heart Evangelista,Filipino,saved,pre-existing
winter_Heart_Evangelista_006.jpg,winter,Heart Evangelista,Filipino,saved,pre-existing
winter_Heart_Evangelista_007.jpg,winter,Heart Evangelista,Filipino,saved,pre-existing
winter_Heart_Evangelista_008.jpg,winter,Heart Evangelista,Filipino,saved,pre-existing
winter_Heart_Evangelista_009.jpg,winter,Heart Evangelista,Filipino,saved,pre-existing
winter_Heart_Evangelista_010.jpg,winter,Heart Evangelista,Filipino,saved,pre-existing
winter_Heart_Evangelista_011.jpg,winter,Heart Evangelista,Filipino,saved,pre-existing
winter_Heart_Evangelista_012.jpg,winter,Heart Evangelista,Filipino,saved,pre-existing
winter_Heart_Evangelista_013.jpg,winter,Heart Evangelista,Filipino,saved,pre-existing
winter_Heart_Evangelista_014.jpg,winter,Heart Evangelista,Filipino,saved,pre-existing
winter_Heart_Evangelista_015.jpg,winter,Heart Evangelista,Filipino,saved,pre-existing
winter_Pia_Wurtzbach_001.jpg,winter,Pia Wurtzbach,Filipino,saved,pre-existing
winter_Pia_Wurtzbach_002.jpg,winter,Pia Wurtzbach,Filipino,saved,pre-existing
winter_Pia_Wurtzbach_003.jpg,winter,Pia Wurtzbach,Filipino,saved,pre-existing
winter_Pia_Wurtzbach_004.jpg,winter,Pia Wurtzbach,Filipino,saved,pre-existing
winter_Pia_Wurtzbach_005.jpg,winter,Pia Wurtzbach,Filipino,saved,pre-existing
winter_Pia_Wurtzbach_006.jpg,winter,Pia Wurtzbach,Filipino,saved,pre-existing
winter_Pia_Wurtzbach_007.jpg,winter,Pia Wurtzbach,Filipino,saved,pre-existing
winter_Pia_Wurtzbach_008.jpg,winter,Pia Wurtzbach,Filipino,saved,pre-existing
winter_Pia_Wurtzbach_009.jpg,winter,Pia Wurtzbach,Filipino,saved,pre-existing
winter_Pia_Wurtzbach_010.jpg,winter,Pia Wurtzbach,Filipino,saved,pre-existing
winter_Pia_Wurtzbach_011.jpg,winter,Pia Wurtzbach,Filipino,saved,pre-existing
winter_Pia_Wurtzbach_012.jpg,winter,Pia Wurtzbach,Filipino,saved,pre-existing
winter_Pia_Wurtzbach_013.jpg,winter,Pia Wurtzbach,Filipino,saved,pre-existing
winter_Pia_Wurtzbach_014.jpg,winter,Pia Wurtzbach,Filipino,saved,pre-existing
winter_Pia_Wurtzbach_015.jpg,winter,Pia Wurtzbach,Filipino,saved,pre-existing
winter_Pia_Wurtzbach_016.jpg,winter,Pia Wurtzbach,Filipino,saved,pre-existing
winter_Pia_Wurtzbach_017.jpg,winter,Pia Wurtzbach,Filipino,saved,pre-existing
winter_Pia_Wurtzbach_018.jpg,winter,Pia Wurtzbach,Filipino,saved,pre-existing
winter_Pia_Wurtzbach_019.jpg,winter,Pia Wurtzbach,Filipino,saved,pre-existing
winter_Alden_Richards_001.jpg,winter,Alden Richards,Filipino,saved,pre-existing
winter_Alden_Richards_002.jpg,winter,Alden Richards,Filipino,saved,pre-existing
winter_Alden_Richards_003.jpg,winter,Alden Richards,Filipino,saved,pre-existing
winter_Alden_Richards_004.jpg,winter,Alden Richards,Filipino,saved,pre-existing
winter_Alden_Richards_005.jpg,winter,Alden Richards,Filipino,saved,pre-existing
winter_Alden_Richards_006.jpg,winter,Alden Richards,Filipino,saved,pre-existing
winter_Alden_Richards_007.jpg,winter,Alden Richards,Filipino,saved,pre-existing
winter_Alden_Richards_008.jpg,winter,Alden Richards,Filipino,saved,pre-existing
winter_Alden_Richards_009.jpg,winter,Alden Richards,Filipino,saved,pre-existing
winter_Alden_Richards_010.jpg,winter,Alden Richards,Filipino,saved,pre-existing
winter_Alden_Richards_011.jpg,winter,Alden Richards,Filipino,saved,pre-existing
winter_Alden_Richards_012.jpg,winter,Alden Richards,Filipino,saved,pre-existing
winter_Alden_Richards_013.jpg,winter,Alden Richards,Filipino,saved,pre-existing
winter_Alden_Richards_014.jpg,winter,Alden Richards,Filipino,saved,pre-existing
winter_Alden_Richards_015.jpg,winter,Alden Richards,Filipino,saved,pre-existing
winter_Alden_Richards_016.jpg,winter,Alden Richards,Filipino,saved,pre-existing
winter_Alden_Richards_017.jpg,winter,Alden Richards,Filipino,saved,pre-existing
winter_Alden_Richards_018.jpg,winter,Alden Richards,Filipino,saved,pre-existing
winter_Alden_Richards_019.jpg,winter,Alden Richards,Filipino,saved,pre-existing
winter_Dingdong_Dantes_001.jpg,winter,Dingdong Dantes,Filipino,saved,pre-existing
winter_Dingdong_Dantes_002.jpg,winter,Dingdong Dantes,Filipino,saved,pre-existing
winter_Dingdong_Dantes_003.jpg,winter,Dingdong Dantes,Filipino,saved,pre-existing
winter_Dingdong_Dantes_004.jpg,winter,Dingdong Dantes,Filipino,saved,pre-existing
winter_Dingdong_Dantes_005.jpg,winter,Dingdong Dantes,Filipino,saved,pre-existing
winter_Dingdong_Dantes_006.jpg,winter,Dingdong Dantes,Filipino,saved,pre-existing
winter_Dingdong_Dantes_007.jpg,winter,Dingdong Dantes,Filipino,saved,pre-existing
winter_Dingdong_Dantes_008.jpg,winter,Dingdong Dantes,Filipino,saved,pre-existing
winter_Dingdong_Dantes_009.jpg,winter,Dingdong Dantes,Filipino,saved,pre-existing
winter_Dingdong_Dantes_010.jpg,winter,Dingdong Dantes,Filipino,saved,pre-existing
winter_Dingdong_Dantes_011.jpg,winter,Dingdong Dantes,Filipino,saved,pre-existing
winter_Dingdong_Dantes_012.jpg,winter,Dingdong Dantes,Filipino,saved,pre-existing
winter_Dingdong_Dantes_013.jpg,winter,Dingdong Dantes,Filipino,saved,pre-existing
winter_Dingdong_Dantes_014.jpg,winter,Dingdong Dantes,Filipino,saved,pre-existing
winter_Dingdong_Dantes_015.jpg,winter,Dingdong Dantes,Filipino,saved,pre-existing
winter_Dingdong_Dantes_016.jpg,winter,Dingdong Dantes,Filipino,saved,pre-existing
winter_Dingdong_Dantes_017.jpg,winter,Dingdong Dantes,Filipino,saved,pre-existing
winter_Paulo_Avelino_001.jpg,winter,Paulo Avelino,Filipino,saved,pre-existing
winter_Paulo_Avelino_002.jpg,winter,Paulo Avelino,Filipino,saved,pre-existing
winter_Paulo_Avelino_003.jpg,winter,Paulo Avelino,Filipino,saved,pre-existing
winter_Paulo_Avelino_004.jpg,winter,Paulo Avelino,Filipino,saved,pre-existing
winter_Paulo_Avelino_005.jpg,winter,Paulo Avelino,Filipino,saved,pre-existing
winter_Paulo_Avelino_006.jpg,winter,Paulo Avelino,Filipino,saved,pre-existing
winter_Paulo_Avelino_007.jpg,winter,Paulo Avelino,Filipino,saved,pre-existing
winter_Paulo_Avelino_008.jpg,winter,Paulo Avelino,Filipino,saved,pre-existing
winter_Paulo_Avelino_009.jpg,winter,Paulo Avelino,Filipino,saved,pre-existing
winter_Paulo_Avelino_010.jpg,winter,Paulo Avelino,Filipino,saved,pre-existing
winter_Paulo_Avelino_011.jpg,winter,Paulo Avelino,Filipino,saved,pre-existing
winter_Paulo_Avelino_012.jpg,winter,Paulo Avelino,Filipino,saved,pre-existing
winter_Paulo_Avelino_013.jpg,winter,Paulo Avelino,Filipino,saved,pre-existing
winter_Paulo_Avelino_014.jpg,winter,Paulo Avelino,Filipino,saved,pre-existing
winter_Paulo_Avelino_015.jpg,winter,Paulo Avelino,Filipino,saved,pre-existing
winter_Paulo_Avelino_016.jpg,winter,Paulo Avelino,Filipino,saved,pre-existing
winter_Xian_Lim_001.jpg,winter,Xian Lim,Filipino,saved,pre-existing
winter_Xian_Lim_002.jpg,winter,Xian Lim,Filipino,saved,pre-existing
winter_Xian_Lim_003.jpg,winter,Xian Lim,Filipino,saved,pre-existing
winter_Xian_Lim_004.jpg,winter,Xian Lim,Filipino,saved,pre-existing
winter_Xian_Lim_005.jpg,winter,Xian Lim,Filipino,saved,pre-existing
winter_Xian_Lim_006.jpg,winter,Xian Lim,Filipino,saved,pre-existing
winter_Xian_Lim_007.jpg,winter,Xian Lim,Filipino,saved,pre-existing
winter_Xian_Lim_008.jpg,winter,Xian Lim,Filipino,saved,pre-existing
winter_Xian_Lim_009.jpg,winter,Xian Lim,Filipino,saved,pre-existing
winter_Xian_Lim_010.jpg,winter,Xian Lim,Filipino,saved,pre-existing
winter_Xian_Lim_011.jpg,winter,Xian Lim,Filipino,saved,pre-existing
winter_Xian_Lim_012.jpg,winter,Xian Lim,Filipino,saved,pre-existing
winter_Xian_Lim_013.jpg,winter,Xian Lim,Filipino,saved,pre-existing
winter_Xian_Lim_014.jpg,winter,Xian Lim,Filipino,saved,pre-existing
winter_Donny_Pangilinan_001.jpg,winter,Donny Pangilinan,Filipino,saved,pre-existing
winter_Donny_Pangilinan_002.jpg,winter,Donny Pangilinan,Filipino,saved,pre-existing
winter_Donny_Pangilinan_003.jpg,winter,Donny Pangilinan,Filipino,saved,pre-existing
winter_Donny_Pangilinan_004.jpg,winter,Donny Pangilinan,Filipino,saved,pre-existing
winter_Donny_Pangilinan_005.jpg,winter,Donny Pangilinan,Filipino,saved,pre-existing
winter_Donny_Pangilinan_006.jpg,winter,Donny Pangilinan,Filipino,saved,pre-existing
winter_Donny_Pangilinan_007.jpg,winter,Donny Pangilinan,Filipino,saved,pre-existing
winter_Donny_Pangilinan_008.jpg,winter,Donny Pangilinan,Filipino,saved,pre-existing
winter_Donny_Pangilinan_009.jpg,winter,Donny Pangilinan,Filipino,saved,pre-existing
winter_Donny_Pangilinan_010.jpg,winter,Donny Pangilinan,Filipino,saved,pre-existing
winter_Donny_Pangilinan_011.jpg,winter,Donny Pangilinan,Filipino,saved,pre-existing
winter_Donny_Pangilinan_012.jpg,winter,Donny Pangilinan,Filipino,saved,pre-existing
winter_Donny_Pangilinan_013.jpg,winter,Donny Pangilinan,Filipino,saved,pre-existing
winter_Donny_Pangilinan_014.jpg,winter,Donny Pangilinan,Filipino,saved,pre-existing
winter_Donny_Pangilinan_015.jpg,winter,Donny Pangilinan,Filipino,saved,pre-existing
winter_Jisoo_001.jpg,winter,Jisoo,Korean,saved,pre-existing
winter_Jisoo_002.jpg,winter,Jisoo,Korean,saved,pre-existing
winter_Jisoo_003.jpg,winter,Jisoo,Korean,saved,pre-existing
winter_Jisoo_004.jpg,winter,Jisoo,Korean,saved,pre-existing
winter_Jisoo_005.jpg,winter,Jisoo,Korean,saved,pre-existing
winter_Jisoo_006.jpg,winter,Jisoo,Korean,saved,pre-existing
winter_Jisoo_007.jpg,winter,Jisoo,Korean,saved,pre-existing
winter_Jisoo_008.jpg,winter,Jisoo,Korean,saved,pre-existing
winter_Jisoo_009.jpg,winter,Jisoo,Korean,saved,pre-existing
winter_Jisoo_010.jpg,winter,Jisoo,Korean,saved,pre-existing
winter_Jisoo_011.jpg,winter,Jisoo,Korean,saved,pre-existing
winter_Jisoo_012.jpg,winter,Jisoo,Korean,saved,pre-existing
winter_Jisoo_013.jpg,winter,Jisoo,Korean,saved,pre-existing
winter_Jisoo_014.jpg,winter,Jisoo,Korean,saved,pre-existing
winter_Jisoo_015.jpg,winter,Jisoo,Korean,saved,pre-existing
winter_Jisoo_016.jpg,winter,Jisoo,Korean,saved,pre-existing
winter_Jisoo_017.jpg,winter,Jisoo,Korean,saved,pre-existing
winter_Suga_(BTS)_001.jpg,winter,Suga (BTS),Korean,saved,pre-existing
winter_Suga_(BTS)_002.jpg,winter,Suga (BTS),Korean,saved,pre-existing
winter_Suga_(BTS)_003.jpg,winter,Suga (BTS),Korean,saved,pre-existing
winter_Suga_(BTS)_004.jpg,winter,Suga (BTS),Korean,saved,pre-existing
winter_Suga_(BTS)_005.jpg,winter,Suga (BTS),Korean,saved,pre-existing
winter_Suga_(BTS)_006.jpg,winter,Suga (BTS),Korean,saved,pre-existing
winter_Suga_(BTS)_007.jpg,winter,Suga (BTS),Korean,saved,pre-existing
winter_Suga_(BTS)_008.jpg,winter,Suga (BTS),Korean,saved,pre-existing
winter_Suga_(BTS)_009.jpg,winter,Suga (BTS),Korean,saved,pre-existing
winter_Suga_(BTS)_010.jpg,winter,Suga (BTS),Korean,saved,pre-existing
winter_Suga_(BTS)_011.jpg,winter,Suga (BTS),Korean,saved,pre-existing
winter_Suga_(BTS)_012.jpg,winter,Suga (BTS),Korean,saved,pre-existing
winter_Suga_(BTS)_013.jpg,winter,Suga (BTS),Korean,saved,pre-existing
winter_Suga_(BTS)_014.jpg,winter,Suga (BTS),Korean,saved,pre-existing
winter_Jin_(BTS)_001.jpg,winter,Jin (BTS),Korean,saved,pre-existing
winter_Jin_(BTS)_002.jpg,winter,Jin (BTS),Korean,saved,pre-existing
winter_Jin_(BTS)_003.jpg,winter,Jin (BTS),Korean,saved,pre-existing
winter_Jin_(BTS)_004.jpg,winter,Jin (BTS),Korean,saved,pre-existing
winter_Jin_(BTS)_005.jpg,winter,Jin (BTS),Korean,saved,pre-existing
winter_Jin_(BTS)_006.jpg,winter,Jin (BTS),Korean,saved,pre-existing
winter_Jin_(BTS)_007.jpg,winter,Jin (BTS),Korean,saved,pre-existing
winter_Jin_(BTS)_008.jpg,winter,Jin (BTS),Korean,saved,pre-existing
winter_Jin_(BTS)_009.jpg,winter,Jin (BTS),Korean,saved,pre-existing
winter_Jin_(BTS)_010.jpg,winter,Jin (BTS),Korean,saved,pre-existing
winter_Jin_(BTS)_011.jpg,winter,Jin (BTS),Korean,saved,pre-existing
winter_Hyun_Bin_001.jpg,winter,Hyun Bin,Korean,saved,pre-existing
winter_Hyun_Bin_002.jpg,winter,Hyun Bin,Korean,saved,pre-existing
winter_Hyun_Bin_003.jpg,winter,Hyun Bin,Korean,saved,pre-existing
winter_Hyun_Bin_004.jpg,winter,Hyun Bin,Korean,saved,pre-existing
winter_Hyun_Bin_005.jpg,winter,Hyun Bin,Korean,saved,pre-existing
winter_Hyun_Bin_006.jpg,winter,Hyun Bin,Korean,saved,pre-existing
winter_Hyun_Bin_007.jpg,winter,Hyun Bin,Korean,saved,pre-existing
winter_Hyun_Bin_008.jpg,winter,Hyun Bin,Korean,saved,pre-existing
winter_Hyun_Bin_009.jpg,winter,Hyun Bin,Korean,saved,pre-existing
winter_Hyun_Bin_010.jpg,winter,Hyun Bin,Korean,saved,pre-existing
winter_Hyun_Bin_011.jpg,winter,Hyun Bin,Korean,saved,pre-existing
winter_Hyun_Bin_012.jpg,winter,Hyun Bin,Korean,saved,pre-existing
winter_Hyun_Bin_013.jpg,winter,Hyun Bin,Korean,saved,pre-existing
winter_Hyun_Bin_014.jpg,winter,Hyun Bin,Korean,saved,pre-existing
winter_Hyun_Bin_015.jpg,winter,Hyun Bin,Korean,saved,pre-existing
winter_Hyun_Bin_016.jpg,winter,Hyun Bin,Korean,saved,pre-existing
winter_Hyun_Bin_017.jpg,winter,Hyun Bin,Korean,saved,pre-existing
winter_Song_Hye-kyo_001.jpg,winter,Song Hye-kyo,Korean,saved,pre-existing
winter_Song_Hye-kyo_002.jpg,winter,Song Hye-kyo,Korean,saved,pre-existing
winter_Song_Hye-kyo_003.jpg,winter,Song Hye-kyo,Korean,saved,pre-existing
winter_Song_Hye-kyo_004.jpg,winter,Song Hye-kyo,Korean,saved,pre-existing
winter_Song_Hye-kyo_005.jpg,winter,Song Hye-kyo,Korean,saved,pre-existing
winter_Song_Hye-kyo_006.jpg,winter,Song Hye-kyo,Korean,saved,pre-existing
winter_Song_Hye-kyo_007.jpg,winter,Song Hye-kyo,Korean,saved,pre-existing
winter_Song_Hye-kyo_008.jpg,winter,Song Hye-kyo,Korean,saved,pre-existing
winter_Song_Hye-kyo_009.jpg,winter,Song Hye-kyo,Korean,saved,pre-existing
winter_Song_Hye-kyo_010.jpg,winter,Song Hye-kyo,Korean,saved,pre-existing
winter_Song_Hye-kyo_011.jpg,winter,Song Hye-kyo,Korean,saved,pre-existing
winter_Song_Hye-kyo_012.jpg,winter,Song Hye-kyo,Korean,saved,pre-existing
winter_Song_Hye-kyo_013.jpg,winter,Song Hye-kyo,Korean,saved,pre-existing
winter_Song_Hye-kyo_014.jpg,winter,Song Hye-kyo,Korean,saved,pre-existing
winter_Song_Hye-kyo_015.jpg,winter,Song Hye-kyo,Korean,saved,pre-existing
winter_Song_Hye-kyo_016.jpg,winter,Song Hye-kyo,Korean,saved,pre-existing
winter_Song_Hye-kyo_017.jpg,winter,Song Hye-kyo,Korean,saved,pre-existing
winter_Song_Hye-kyo_018.jpg,winter,Song Hye-kyo,Korean,saved,pre-existing
winter_Song_Hye-kyo_019.jpg,winter,Song Hye-kyo,Korean,saved,pre-existing
winter_Song_Hye-kyo_020.jpg,winter,Song Hye-kyo,Korean,saved,pre-existing
winter_Megan_Fox_001.jpg,winter,Megan Fox,Western,saved,pre-existing
winter_Megan_Fox_002.jpg,winter,Megan Fox,Western,saved,pre-existing
winter_Megan_Fox_003.jpg,winter,Megan Fox,Western,saved,pre-existing
winter_Megan_Fox_004.jpg,winter,Megan Fox,Western,saved,pre-existing
winter_Megan_Fox_005.jpg,winter,Megan Fox,Western,saved,pre-existing
winter_Megan_Fox_006.jpg,winter,Megan Fox,Western,saved,pre-existing
winter_Megan_Fox_007.jpg,winter,Megan Fox,Western,saved,pre-existing
winter_Megan_Fox_008.jpg,winter,Megan Fox,Western,saved,pre-existing
winter_Megan_Fox_009.jpg,winter,Megan Fox,Western,saved,pre-existing
winter_Megan_Fox_010.jpg,winter,Megan Fox,Western,saved,pre-existing
winter_Megan_Fox_011.jpg,winter,Megan Fox,Western,saved,pre-existing
winter_Megan_Fox_012.jpg,winter,Megan Fox,Western,saved,pre-existing
winter_Megan_Fox_013.jpg,winter,Megan Fox,Western,saved,pre-existing
winter_Megan_Fox_014.jpg,winter,Megan Fox,Western,saved,pre-existing
winter_Megan_Fox_015.jpg,winter,Megan Fox,Western,saved,pre-existing
winter_Megan_Fox_016.jpg,winter,Megan Fox,Western,saved,pre-existing
winter_Megan_Fox_017.jpg,winter,Megan Fox,Western,saved,pre-existing
winter_Dua_Lipa_001.jpg,winter,Dua Lipa,Western,saved,pre-existing
winter_Dua_Lipa_002.jpg,winter,Dua Lipa,Western,saved,pre-existing
winter_Dua_Lipa_003.jpg,winter,Dua Lipa,Western,saved,pre-existing
winter_Dua_Lipa_004.jpg,winter,Dua Lipa,Western,saved,pre-existing
winter_Dua_Lipa_005.jpg,winter,Dua Lipa,Western,saved,pre-existing
winter_Dua_Lipa_006.jpg,winter,Dua Lipa,Western,saved,pre-existing
winter_Dua_Lipa_007.jpg,winter,Dua Lipa,Western,saved,pre-existing
winter_Dua_Lipa_008.jpg,winter,Dua Lipa,Western,saved,pre-existing
winter_Dua_Lipa_009.jpg,winter,Dua Lipa,Western,saved,pre-existing
winter_Dua_Lipa_010.jpg,winter,Dua Lipa,Western,saved,pre-existing
winter_Dua_Lipa_011.jpg,winter,Dua Lipa,Western,saved,pre-existing
winter_Dua_Lipa_012.jpg,winter,Dua Lipa,Western,saved,pre-existing
winter_Dua_Lipa_013.jpg,winter,Dua Lipa,Western,saved,pre-existing
winter_Dua_Lipa_014.jpg,winter,Dua Lipa,Western,saved,pre-existing
winter_Dua_Lipa_015.jpg,winter,Dua Lipa,Western,saved,pre-existing
winter_Dua_Lipa_016.jpg,winter,Dua Lipa,Western,saved,pre-existing
winter_Dua_Lipa_017.jpg,winter,Dua Lipa,Western,saved,pre-existing
winter_Dua_Lipa_018.jpg,winter,Dua Lipa,Western,saved,pre-existing
winter_Keanu_Reeves_001.jpg,winter,Keanu Reeves,Western,saved,pre-existing
winter_Keanu_Reeves_002.jpg,winter,Keanu Reeves,Western,saved,pre-existing
winter_Keanu_Reeves_003.jpg,winter,Keanu Reeves,Western,saved,pre-existing
winter_Keanu_Reeves_004.jpg,winter,Keanu Reeves,Western,saved,pre-existing
winter_Keanu_Reeves_005.jpg,winter,Keanu Reeves,Western,saved,pre-existing
winter_Keanu_Reeves_006.jpg,winter,Keanu Reeves,Western,saved,pre-existing
winter_Keanu_Reeves_007.jpg,winter,Keanu Reeves,Western,saved,pre-existing
winter_Keanu_Reeves_008.jpg,winter,Keanu Reeves,Western,saved,pre-existing
winter_Keanu_Reeves_009.jpg,winter,Keanu Reeves,Western,saved,pre-existing
winter_Keanu_Reeves_010.jpg,winter,Keanu Reeves,Western,saved,pre-existing
winter_Keanu_Reeves_011.jpg,winter,Keanu Reeves,Western,saved,pre-existing
winter_Keanu_Reeves_012.jpg,winter,Keanu Reeves,Western,saved,pre-existing
winter_Keanu_Reeves_013.jpg,winter,Keanu Reeves,Western,saved,pre-existing
winter_Keanu_Reeves_014.jpg,winter,Keanu Reeves,Western,saved,pre-existing
